e, e_dot, e_int, stamp, 
4.365962819306747, 4.825210453418549e-08, 0.873192561892047, 145818000000, 
4.365962849670524, 1.5142560094716373e-07, 0.8731925648813409, 145886000000, 
4.365962856783069, 1.2492107496579288e-07, 0.8731925683840226, 145954000000, 
4.365962847729276, -6.4708268373199944e-09, 0.873192570278858, 145988000000, 
4.365962808353971, -1.6143032688376024e-07, 0.8731925675244211, 146056000000, 
4.365037263846701, -0.003085279608582662, 0.8731308613286631, 146124000000, 
4.361036065405258, -0.016422476495711418, 0.8728024091737286, 146192000000, 
4.358319620494323, -0.022392144507925593, 0.8722928633164188, 146226000000, 
4.352652508138705, -0.027945190888507554, 0.8714672129358857, 146294000000, 
4.34687184158113, -0.0381592630439768, 0.8705229313476105, 146362000000, 
4.340967255508446, -0.038950842100862935, 0.8693661070152189, 146430000000, 
4.337973911439852, -0.029659767137593107, 0.8683875339019619, 146464000000, 
4.334951490822331, -0.02005254895371659, 0.8675928438513753, 146498000000, 
4.331902322798745, -0.02023862880368969, 0.8669885150040619, 146532000000, 
4.328827923734481, -0.020411890292833707, 0.8663787824903706, 146566000000, 
4.3257279798390496, -0.020581143198986258, 0.8657638817581518, 146600000000, 
4.3226055255312525, -0.02074132734409595, 0.8651440952736521, 146634000000, 
4.316316376566137, -0.03137201090970857, 0.864309992129096, 146702000000, 
4.313147735963455, -0.03152596522599064, 0.8634713092040563, 146736000000, 
4.309963534305934, -0.021176140867342024, 0.8626285097890352, 146770000000, 
4.3067698900037445, -0.021259486532369348, 0.8619920773515424, 146804000000, 
4.300346908342025, -0.03205541987969814, 0.8611386888434469, 146872000000, 
4.297113803720866, -0.03218695427626095, 0.8602820401377758, 146906000000, 
4.293869381504161, -0.021591756126214296, 0.8594220062378034, 146940000000, 
4.2873481392442985, -0.03255221492189264, 0.8585554216312884, 147008000000, 
4.2840719001057295, -0.032658271328103915, 0.8576859613902793, 147042000000, 
4.280786759967184, -0.02187126425704733, 0.8568137866211475, 147076000000, 
4.277493516702473, -0.021927944677522977, 0.8561568117850258, 147110000000, 
4.274190853532545, -0.021986354782130846, 0.8554980753468134, 147144000000, 
4.270878838927609, -0.022048925916212287, 0.8548375472775085, 147178000000, 
4.267558415929325, -0.02210812534406692, 0.8541752072259653, 147212000000, 
4.2642315461352185, -0.02215764264130134, 0.8535112533994768, 147246000000, 
4.2608989675664075, -0.02219816120972477, 0.8528459286420634, 147280000000, 
4.257560296417459, -0.022237499059197436, 0.8521793873412723, 147314000000, 
4.254214969597797, -0.02227999322870211, 0.851511615572111, 147348000000, 
4.250865349576656, -0.022316489469345058, 0.8508427077061275, 147382000000, 
4.2475120628874095, -0.02234302236795808, 0.8501728254707909, 147416000000, 
4.244153737781061, -0.02237203931864921, 0.8495020766830085, 147450000000, 
4.240790853598055, -0.02240403096451497, 0.8488304436177684, 147484000000, 
4.237424475515757, -0.022430874217678937, 0.8481579377929914, 147518000000, 
4.234054569206561, -0.02245428130497847, 0.8474846598880249, 147552000000, 
4.230680392499325, -0.022480276721440855, 0.8468106291481096, 147586000000, 
4.227302490633623, -0.022506928576460083, 0.8461358301559673, 147620000000, 
4.223921100728246, -0.022530972570263447, 0.8454602655907464, 147654000000, 
4.220536019124657, -0.022554905029889365, 0.8447839740324351, 147688000000, 
4.217147664770692, -0.02257811985851473, 0.8441069856415729, 147722000000, 
4.213756621559382, -0.022597991884249307, 0.8434293536969819, 147756000000, 
4.2103628813671055, -0.02261594467862042, 0.8427511445131451, 147790000000, 
4.2035685285199555, -0.03396031013142083, 0.8418458687630962, 147858000000, 
4.196768012586619, -0.04531622926828701, 0.8407132948315786, 147926000000, 
4.193365753465647, -0.034009250181027774, 0.8395801529714815, 147960000000, 
4.186558801754192, -0.034030702774758836, 0.8384461711870972, 148028000000, 
4.183154056953482, -0.03403898837388416, 0.8375385741448881, 148062000000, 
4.176342438638618, -0.034054543718579446, 0.8364036864897528, 148130000000, 
4.1695277342981765, -0.045421075517685004, 0.8352682819926851, 148198000000, 
4.166119708954716, -0.034075765613004926, 0.8341326587927674, 148232000000, 
4.1627114210902505, -0.022721044026419907, 0.8332239242895428, 148266000000, 
4.159302919341105, -0.0227226320453718, 0.8325422699590715, 148300000000, 
4.155893808241725, -0.022725376161751853, 0.831860543244872, 148334000000, 
4.1490743721001495, -0.034095157469851145, 0.8309514066455319, 148402000000, 
4.145664861868987, -0.03409648790912693, 0.8300422028140574, 148436000000, 
4.142255468127118, -0.022729679910105105, 0.8291329801397502, 148470000000, 
4.1354379823940945, -0.03408959824964105, 0.8282238874926799, 148538000000, 
4.132030350481573, -0.03408372548515004, 0.8273149200668524, 148572000000, 
4.125216388772846, -0.034071978737495456, 0.8261789814432343, 148640000000, 
4.118478614633157, -0.04517245282805208, 0.8250483569258386, 148708000000, 
4.115170688414479, -0.03348566786122239, 0.8239243794546989, 148742000000, 
4.108394491230489, -0.0336137446755617, 0.8228029196185417, 148810000000, 
4.104994950091717, -0.03391912774254102, 0.8219040086491123, 148844000000, 
4.101604282788366, -0.022634028140409157, 0.8209995816073714, 148878000000, 
4.094818295756257, -0.0339221811182, 0.8200945019090894, 148946000000, 
4.088033370267965, -0.045236375068003674, 0.8189637299208392, 149014000000, 
4.081248765245086, -0.045231768370568304, 0.8176066954179539, 149082000000, 
4.077856323331223, -0.033923489789140504, 0.8164758972562848, 149116000000, 
4.071066763864386, -0.03394000460233452, 0.815344790162713, 149184000000, 
4.067670596902111, -0.033952421430371395, 0.814439578939848, 149218000000, 
4.060883549199944, -0.03394404888147425, 0.8133080606644294, 149286000000, 
4.054092927666227, -0.04525889745294739, 0.8121764715845521, 149354000000, 
4.047302447362594, -0.04527033945783169, 0.8108185949485843, 149422000000, 
4.040510788557281, -0.04527379702982041, 0.8094604109057402, 149490000000, 
4.033720568139745, -0.0452729307428316, 0.8081022536039747, 149558000000, 
4.026931661697801, -0.04526375619826754, 0.8067442012263218, 149626000000, 
4.020143068381698, -0.04525833252682373, 0.8053863532146162, 149694000000, 
4.013354875593951, -0.04525595367950016, 0.8040286403782299, 149762000000, 
4.006567583359171, -0.04525161674175493, 0.8026710351556546, 149830000000, 
3.9997817407103304, -0.0452437829454011, 0.8013136133108968, 149898000000, 
3.9963889482130743, -0.03392878382032283, 0.8001825514855051, 149932000000, 
3.989603822019453, -0.03392639563625751, 0.7990516340628572, 150000000000, 
3.982818791955008, -0.045233854193553746, 0.7979207708125025, 150068000000, 
3.9760345710875438, -0.04523083643969805, 0.796563812337467, 150136000000, 
3.9726427276472838, -0.03392021435908147, 0.7954330727126557, 150170000000, 
3.9658596889989, -0.033916273628811965, 0.7943024658489152, 150238000000, 
3.959077312943463, -0.045218049012736294, 0.7931719819726432, 150306000000, 
3.9522959747105952, -0.045212380961016464, 0.7918155317768639, 150374000000, 
3.948905552852836, -0.03390586696875678, 0.7906852560337929, 150408000000, 
3.9421250071577063, -0.03390322517629644, 0.7895551023147425, 150476000000, 
3.9353451106221455, -0.04520147410230102, 0.7884250447088459, 150544000000, 
3.928565967475327, -0.04519679894126494, 0.7870690723503453, 150612000000, 
3.92178738020518, -0.04519243472321873, 0.7857132305535102, 150680000000, 
3.9150093403341293, -0.04518875713732514, 0.7843575125343091, 150748000000, 
3.9082320276676437, -0.045184508458454196, 0.7830019165471303, 150816000000, 
3.901455550775857, -0.045179298527574886, 0.781646461251842, 150884000000, 
3.898067600756655, -0.03388142303662948, 0.780517011946677, 150918000000, 
3.891291985953103, -0.03387854940917941, 0.7793876758323743, 150986000000, 
3.8845167844084205, -0.04516938782744765, 0.7782584247412119, 151054000000, 
3.8777421175455595, -0.04516622802514488, 0.7769033925271389, 151122000000, 
3.8709680198483296, -0.04516254853363636, 0.7755484614534873, 151190000000, 
3.867581158519834, -0.03386986341908482, 0.7744194197275814, 151224000000, 
3.8608077827934597, -0.033867456849566345, 0.7732904640774415, 151292000000, 
3.85403512326671, -0.04515345084374752, 0.7721616043053335, 151360000000, 
3.8472630183164354, -0.045149214923414505, 0.770807061625107, 151428000000, 
3.8404913815338917, -0.045145805776060456, 0.769452634874469, 151496000000, 
3.837105772897732, -0.033857484729011844, 0.7683240115165373, 151530000000, 
3.830334863246204, -0.033855060958959036, 0.7671954678451884, 151598000000, 
3.826949622946504, -0.03385383317075904, 0.7662926839393627, 151632000000, 
3.820179562801766, -0.0338510014814597, 0.7651642699329649, 151700000000, 
3.8167946517160924, -0.033849904101372154, 0.7642615891642908, 151734000000, 
3.810025148075489, -0.03384804908758957, 0.7631332908395565, 151802000000, 
3.803256172745845, -0.04512826323415838, 0.7620050648358284, 151870000000, 
3.79987189405338, -0.033844180073696606, 0.7608768809916476, 151904000000, 
3.793103768480666, -0.03384134755059609, 0.7597487890186594, 151972000000, 
3.78633600099552, -0.045119643526200605, 0.7586207775686378, 152040000000, 
3.7795686636044006, -0.04511701625421841, 0.7572672288720391, 152108000000, 
3.7728017316224345, -0.0451142312436185, 0.755913759748157, 152176000000, 
3.7660352047130723, -0.04511152963776096, 0.7545603733293271, 152244000000, 
3.76265207245157, -0.033832197236214334, 0.7534326005858051, 152278000000, 
3.755886248012537, -0.033829855668450946, 0.7523049016784786, 152346000000, 
3.749120792431202, -0.04510426673456062, 0.7511772741930206, 152414000000, 
3.7457381795997926, -0.033826894709148014, 0.7500496813362355, 152448000000, 
3.738973229303565, -0.03382521042545624, 0.7489221467556374, 152516000000, 
3.7322085938769427, -0.04509861907616634, 0.74779466685202, 152584000000, 
3.725444367751703, -0.04509620517287427, 0.7464417460621474, 152652000000, 
3.7220624120715042, -0.03382060601812823, 0.7453143582466767, 152686000000, 
3.7152988390500665, -0.0338184290054544, 0.7441870412582183, 152754000000, 
3.708535543403734, -0.04508956222590103, 0.743059786301687, 152822000000, 
3.7017726507233606, -0.04508729442235312, 0.7417071355451441, 152890000000, 
3.695010059438747, -0.04508494654995587, 0.7403545502377227, 152958000000, 
3.688247833449901, -0.045082724244864814, 0.7390020362408005, 153026000000, 
3.684866863735688, -0.03381065234353109, 0.7378749837749558, 153060000000, 
3.6781052223627286, -0.033808703623908386, 0.7367479946365544, 153128000000, 
3.674724498031366, -0.03380788568107344, 0.7358464389419855, 153162000000, 
3.6679632682769694, -0.033806513619197474, 0.7347195325780709, 153230000000, 
3.6612023280442965, -0.04507389995689781, 0.7335926729568422, 153298000000, 
3.654441757931201, -0.045071701152560685, 0.7322404902834978, 153366000000, 
3.647681529873685, -0.045069327235371937, 0.7308883743899455, 153434000000, 
3.6409216232289165, -0.04506711567428212, 0.7295363274022535, 153502000000, 
3.634150401549439, -0.04510376108081952, 0.728183570310136, 153570000000, 
3.630728404049395, -0.03397739726507254, 0.72705336192185, 153604000000, 
3.6238833800117285, -0.03422340512570177, 0.7259174790407041, 153672000000, 
3.617086447130805, -0.04547318972863312, 0.7247798820794619, 153740000000, 
3.6102657885806204, -0.045391971437026925, 0.723415707714877, 153808000000, 
3.603449799912988, -0.045455490726055515, 0.7220534690416276, 153876000000, 
3.5966306448836027, -0.04545047899005894, 0.720689748891814, 153944000000, 
3.5898195761780802, -0.04543407911635988, 0.719326668064978, 154012000000, 
3.5830176610784106, -0.04537661268397386, 0.7179645254760063, 154080000000, 
3.5762113336519215, -0.04536080842052925, 0.7166032380605608, 154148000000, 
3.569405454049546, -0.04537402342954818, 0.7152422965853252, 154216000000, 
3.5625976783065316, -0.045378851151299436, 0.7138809644005332, 154284000000, 
3.5557928003786294, -0.04537551223638895, 0.7125197288489804, 154352000000, 
3.5489864585208757, -0.045370732618853125, 0.7111584624804024, 154420000000, 
3.5421783707491192, -0.04538143209836735, 0.7097971753099084, 154488000000, 
3.535370365630137, -0.04538697630246169, 0.7084356796600088, 154556000000, 
3.5285634491579847, -0.04538307197044844, 0.7070741457024828, 154624000000, 
3.5217576763494103, -0.04537563093575633, 0.7057127660758354, 154692000000, 
3.5149531693207647, -0.045367599457399876, 0.7043516196552106, 154760000000, 
3.5115512023763658, -0.034021579910148425, 0.7032174698697693, 154794000000, 
3.5047484715547874, -0.03401565921992441, 0.7020835228834612, 154862000000, 
3.501347856290999, -0.034011153617889235, 0.7011765020148102, 154896000000, 
3.4945477521075667, -0.03400239815740225, 0.7000429386635569, 154964000000, 
3.49114827643472, -0.033998599520930206, 0.6991362589888857, 154998000000, 
3.4843501883125665, -0.03399187931666751, 0.6980030811236569, 155066000000, 
3.4775533026540977, -0.04531657926874081, 0.6968701178267589, 155134000000, 
3.4741551700769735, -0.0339833941186433, 0.6957372440695759, 155168000000, 
3.4673595701985933, -0.03397910818501456, 0.6946045361953109, 155236000000, 
3.460565324670418, -0.045299484688518334, 0.6934720043297323, 155304000000, 
3.457168542801326, -0.03397009132422468, 0.6923395625113559, 155338000000, 
3.450375971700402, -0.03396450990005295, 0.6912073226114763, 155406000000, 
3.4435846617615002, -0.04527960346608554, 0.6900752784175486, 155474000000, 
3.4367948657543654, -0.04527035315345559, 0.6887170332810846, 155542000000, 
3.4300058138003693, -0.045262826537103194, 0.6873590227544156, 155610000000, 
3.423218277449582, -0.04525529434927863, 0.6860012638002878, 155678000000, 
3.4164317676793505, -0.04524682040339586, 0.68464372392862, 155746000000, 
3.413038920694002, -0.03393118918526561, 0.683512597721529, 155780000000, 
3.4062543544156276, -0.033924710879076336, 0.6823816695192653, 155848000000, 
3.3994709670885124, -0.0452265120182993, 0.6812509494798761, 155916000000, 
3.39268849545038, -0.04521952988415882, 0.6798942544636347, 155984000000, 
3.385907034421006, -0.04521310889168776, 0.6785377664639932, 156052000000, 
3.379126444982715, -0.0452068348922167, 0.6771814649902734, 156120000000, 
3.3723466869334557, -0.045201158291834354, 0.6758253444224784, 156188000000, 
3.368957060535975, -0.03389794815580031, 0.6746953461634764, 156222000000, 
3.3621787100415, -0.03389325630651937, 0.6735654971673953, 156290000000, 
3.355401386928854, -0.04518557869040318, 0.6724358105004219, 156358000000, 
3.348624840433026, -0.04517956536158015, 0.6710803291602252, 156426000000, 
3.3418490953256446, -0.04517430534403122, 0.6697250215125016, 156494000000, 
3.3350741515245623, -0.04516896302821186, 0.6683698724855489, 156562000000, 
3.3283000288102564, -0.045163555051293734, 0.6670148850440308, 156630000000, 
3.3249132362466245, -0.033869717593126104, 0.6658858277720962, 156664000000, 
3.3181403901719935, -0.03386546212754323, 0.6647569103485916, 156732000000, 
3.3113683202597497, -0.045149719956249314, 0.6636281297785578, 156800000000, 
3.304596924626745, -0.04514488515082812, 0.6622737090038993, 156868000000, 
3.2978262436472323, -0.04514025537505795, 0.6609194325689152, 156936000000, 
3.291056251729003, -0.04513557632580619, 0.6595652946668654, 157004000000, 
3.287671540360574, -0.03384901095552747, 0.6584369357157873, 157038000000, 
3.2809025166657095, -0.03384578354431215, 0.6573086872503524, 157106000000, 
3.274134228185895, -0.04512437391559635, 0.6561805523474786, 157174000000, 
3.267366634184659, -0.04511960827016844, 0.6548268919357508, 157242000000, 
3.2605996504952413, -0.04511525896884638, 0.6534733675243863, 157310000000, 
3.2538332412465176, -0.04511130979380459, 0.6521199683950946, 157378000000, 
3.2470674304432645, -0.0451074001732558, 0.6507666881456682, 157446000000, 
3.2403022348975625, -0.045103354496517, 0.649413527105823, 157514000000, 
3.233537693489517, -0.04509912317915828, 0.6480604905886895, 157582000000, 
3.2301556067172554, -0.03382209393435698, 0.6469330356736224, 157616000000, 
3.223391802553446, -0.0338196364535707, 0.6458056735173479, 157684000000, 
3.2166285615351424, -0.045090150607043356, 0.6446783980537228, 157752000000, 
3.2098658620009783, -0.04508646850822492, 0.6433257484059711, 157820000000, 
3.203103654302243, -0.04508302410966447, 0.6419732051892242, 157888000000, 
3.196341949316681, -0.04507970894765734, 0.6406207643746601, 157956000000, 
3.1929612757112125, -0.033807928636768736, 0.6394937919553424, 157990000000, 
3.186200283589113, -0.03380555242522713, 0.638366900574467, 158058000000, 
3.1794397818323095, -0.04507164626301, 0.6372400894088422, 158126000000, 
3.1760597145709286, -0.03380189672728129, 0.6361133186661567, 158160000000, 
3.1726797791577392, -0.0225333422485674, 0.6352119517040652, 158194000000, 
3.1692999559593065, -0.022532528705407156, 0.6345359633125316, 158228000000, 
3.162540668185441, -0.03379703657432712, 0.6336346935534991, 158296000000, 
3.155781864610054, -0.04506030449750842, 0.6325081659169868, 158364000000, 
3.149023473434527, -0.04505731583638095, 0.6311564004153348, 158432000000, 
3.145644462893075, -0.033791339056596925, 0.630029986729177, 158466000000, 
3.138886731086032, -0.033789141161649404, 0.6289036444942423, 158534000000, 
3.1321293713283023, -0.04505030521590866, 0.627777371020494, 158602000000, 
3.125372499455777, -0.045047438767515935, 0.6264259067913407, 158670000000, 
3.118616139698185, -0.045044105433724724, 0.625074534032151, 158738000000, 
3.11186023330446, -0.045040887171057996, 0.6237232581638947, 158806000000, 
3.1051046785428373, -0.045038203851158386, 0.6223720701030321, 158874000000, 
3.0983494687330673, -0.04503588190464184, 0.6210209587053577, 158942000000, 
3.091594654818688, -0.045033412413831485, 0.6196699201396394, 159010000000, 
3.0848402989286634, -0.04503056601467955, 0.6183189614986946, 159078000000, 
3.078086340062824, -0.045027715852879645, 0.6169680862540117, 159146000000, 
3.0713327944880895, -0.045025014801913045, 0.6156172955653052, 159214000000, 
3.067956148839821, -0.03376730407667653, 0.6144916855593823, 159248000000, 
3.061204028267757, -0.033762554067774765, 0.6133661981063779, 159316000000, 
3.0544729143618743, -0.04494411492648916, 0.6122422060979635, 159384000000, 
3.047723351506193, -0.04493558920521353, 0.6108933529423883, 159452000000, 
3.040957893680886, -0.04505006893662807, 0.6095436106365968, 159520000000, 
3.037578105142764, -0.03381748787809613, 0.6084172900219895, 159554000000, 
3.0308107273261293, -0.03382388784918847, 0.6072897817433186, 159622000000, 
3.024043934764757, -0.04511390126002398, 0.6061621844822433, 159690000000, 
3.017272020624599, -0.04512902233843411, 0.6048084455143656, 159758000000, 
3.010495045043949, -0.04516296573602604, 0.6034540666955537, 159826000000, 
3.003717112358471, -0.0451830275537605, 0.6020989452018013, 159894000000, 
2.996942187336653, -0.04517619235765361, 0.600743622982605, 159962000000, 
2.9901642452997677, -0.04517622352901096, 0.5993882363329929, 160030000000, 
2.9833862480040714, -0.045186464441939, 0.5980328453760327, 160098000000, 
2.9799965187668134, -0.03389242177651427, 0.5969031341380435, 160132000000, 
2.973217457912368, -0.0338959669723445, 0.5957733483122167, 160200000000, 
2.9664388140024633, -0.045192349214500105, 0.5946435193787764, 160268000000, 
2.959659626129281, -0.045192772610289644, 0.5932877265362742, 160336000000, 
2.9528789735102805, -0.045199468307276135, 0.5919318275761349, 160404000000, 
2.9460979281132014, -0.045205660053599196, 0.5905757685168509, 160472000000, 
2.939316387891373, -0.04520861872969147, 0.5892195526343237, 160540000000, 
2.9325343265016923, -0.04521200537169682, 0.5878632428337511, 160608000000, 
2.9291429523135872, -0.03391145192595276, 0.5867329111137768, 160642000000, 
2.9223595494853045, -0.033915923387959346, 0.585602455220039, 160710000000, 
2.915575608048464, -0.045224480883743944, 0.5844718739898237, 160778000000, 
2.908791320812973, -0.045227428907771795, 0.5831150985564495, 160846000000, 
2.9020065490480014, -0.04523019666820893, 0.5817582318606292, 160914000000, 
2.89522128091314, -0.045233466332776175, 0.5804012767182742, 160982000000, 
2.888435762286734, -0.0452359558708911, 0.5790442394831917, 161050000000, 
2.881650004682089, -0.045237587436837146, 0.5776871365254642, 161118000000, 
2.8782569863776377, -0.03392925303032109, 0.5765561835564307, 161152000000, 
2.8714706061527293, -0.033931328431198914, 0.5754251731474971, 161220000000, 
2.8646838746630063, -0.04524370571543793, 0.5742940978128916, 161288000000, 
2.857896839880068, -0.045245887575537935, 0.5729367547130536, 161356000000, 
2.8545032492008944, -0.03393541820703986, 0.5718055975829313, 161390000000, 
2.847715876106707, -0.03393654591120251, 0.5706743976791779, 161458000000, 
2.8375343605112344, -0.056562962298866516, 0.5693168990545892, 161560000000, 
2.834140416218516, -0.04525153296063659, 0.5679593768557638, 161594000000, 
2.827352260142648, -0.033940334561954145, 0.5666018024581598, 161662000000, 
2.8239580557452317, -0.0339412015776149, 0.5656967154737598, 161696000000, 
2.813775283840086, -0.04525658767520794, 0.5643390399818643, 161798000000, 
2.8069866690315806, -0.0565712890455039, 0.5629813339077931, 161866000000, 
2.8001978177290296, -0.045258220370187154, 0.5613973180400464, 161934000000, 
2.793408669145061, -0.04525999962173177, 0.5600395437270448, 162002000000, 
2.790014102178374, -0.033945718502185564, 0.5589080392701643, 162036000000, 
2.7832248029515085, -0.033946220645174975, 0.5577765049516629, 162104000000, 
2.776435397387455, -0.045262349303062756, 0.5566449535011558, 162172000000, 
2.7696457926330718, -0.045263367728122596, 0.5552870661981356, 162240000000, 
2.7628560643375715, -0.04526444349961226, 0.5539291502905398, 162308000000, 
2.756066250706384, -0.04526513975562659, 0.5525712071784685, 162376000000, 
2.7526712978472854, -0.033949221634287007, 0.5514395741927494, 162410000000, 
2.745881353249293, -0.033949658190302046, 0.5503079267868641, 162478000000, 
2.739091297839918, -0.04526666669122529, 0.5491762632624331, 162546000000, 
2.732301152738621, -0.04526733503557404, 0.5478182535885221, 162614000000, 
2.7255109421071246, -0.04526785244264383, 0.5464602261790441, 162682000000, 
2.7221157951774675, -0.03395119187051154, 0.5453285260015476, 162716000000, 
2.7153254196475487, -0.03395174153191979, 0.5441968104621427, 162784000000, 
2.7085350391933543, -0.045269186613710787, 0.5430650836012246, 162852000000, 
2.7017445716779145, -0.045269493232114044, 0.5417070020345878, 162920000000, 
2.6983492944744403, -0.033952482396379935, 0.5405752603563806, 162954000000, 
2.691558686683576, -0.03395294998112863, 0.5394435035223955, 163022000000, 
2.684768040290355, -0.04527084728028393, 0.5383117347632248, 163090000000, 
2.6779774127331053, -0.04527091316823532, 0.5369536093138023, 163158000000, 
2.671186691109257, -0.04527116393699367, 0.5355954762755145, 163226000000, 
2.6643958625251285, -0.04527183402658933, 0.5342373310911661, 163294000000, 
2.657605020307534, -0.045272236005743004, 0.5328791715961279, 163362000000, 
2.654209629026821, -0.03395411166102461, 0.531747367457299, 163396000000, 
2.6474187974404955, -0.0339540762234621, 0.5306155631183234, 163464000000, 
2.6372323769952013, -0.05659084010539939, 0.5292573868975012, 163566000000, 
2.6304414063405077, -0.056591303666625827, 0.5276728387184135, 163634000000, 
2.627045934355247, -0.03395480879984832, 0.5263146478460637, 163668000000, 
2.6202549742258023, -0.033954773715684596, 0.5251828209947704, 163736000000, 
2.613463961428032, -0.045273243090715454, 0.5240509913339387, 163804000000, 
2.606672901649137, -0.04527357525555183, 0.5226927891535315, 163872000000, 
2.5998818482247485, -0.045273710677612065, 0.5213345807534612, 163940000000, 
2.5930907923631317, -0.04527369762001706, 0.5199763694824678, 164008000000, 
2.589695275381257, -0.03395524281163779, 0.5188445277312759, 164042000000, 
2.582904234623824, -0.03395519246435885, 0.5177126868245475, 164110000000, 
2.57611313454362, -0.04527380279212364, 0.5165808429699135, 164178000000, 
2.5693219920463095, -0.04527414192504834, 0.5152226240809169, 164246000000, 
2.5625308997888148, -0.04527411584935118, 0.513864401758583, 164314000000, 
2.5557398332179235, -0.04527386276128661, 0.5125061816702031, 164382000000, 
2.552344297070677, -0.033955342393792165, 0.5113743353384944, 164416000000, 
2.545553208732049, -0.03395541495291532, 0.5102424892680433, 164484000000, 
2.538762077955988, -0.04527406371563014, 0.5091106389172476, 164552000000, 
2.531970959902475, -0.04527416276524606, 0.5077524164393674, 164620000000, 
2.5285754289384594, -0.03395549672509546, 0.5066205644531282, 164654000000, 
2.52184394072857, -0.033756730579683016, 0.505492688637967, 164722000000, 
2.518480736066675, -0.03364897623928146, 0.5045933403822469, 164756000000, 
2.5116958233128437, -0.033827058052421734, 0.5034680333405392, 164824000000, 
2.5049328831303592, -0.045159509787719244, 0.5023406295006585, 164892000000, 
2.4981598415707524, -0.045119939140304176, 0.5009859032009304, 164960000000, 
2.4947795485684767, -0.03384444853960833, 0.4998581515513059, 164994000000, 
2.4880179435019065, -0.03380632689615304, 0.4987304889094091, 165062000000, 
2.4846364569303088, -0.03381030546055985, 0.49782892993337946, 165096000000, 
2.477860066662871, -0.03385958946345191, 0.49670096447300577, 165164000000, 
2.471097716594244, -0.045129134453549824, 0.4955729493458282, 165232000000, 
2.4643346067129257, -0.0450848664998175, 0.49421949266466936, 165300000000, 
2.457576170885909, -0.045071819027782865, 0.49286723294620527, 165368000000, 
2.4508209656256548, -0.04504547029090311, 0.49151544954829934, 165436000000, 
2.447444576696755, -0.033771980630512566, 0.49038944754722125, 165470000000, 
2.4373248928285336, -0.044986909323737244, 0.4890393623433962, 165572000000, 
2.430584406819506, -0.056200566257496774, 0.48769025842298624, 165640000000, 
2.4238485581072027, -0.044921115737769725, 0.48611719051701613, 165708000000, 
2.4171173346622252, -0.044890240524269785, 0.48477001997259556, 165776000000, 
2.4103912857603085, -0.044857574489647334, 0.4834238119019824, 165844000000, 
2.4036711511766593, -0.04482061161855307, 0.48207865143994616, 165912000000, 
2.3969549106248857, -0.04478791711807576, 0.4807344898374569, 165980000000, 
2.3935981530252963, -0.033576660504543256, 0.47961494765512275, 166014000000, 
2.3868880272361928, -0.03355627796230998, 0.47849607272575834, 166082000000, 
2.3801832622575745, -0.04471630255907281, 0.4773779628346042, 166150000000, 
2.3734827130333502, -0.04468438067614174, 0.47603693350180787, 166218000000, 
2.3667867838901495, -0.04465492789141656, 0.4746968506120716, 166286000000, 
2.360094922352643, -0.0446259689356913, 0.4733576279517428, 166354000000, 
2.3567509652521035, -0.033452728793486784, 0.4722421780996598, 166388000000, 
2.3500672051997373, -0.033425723843018375, 0.4711275395202989, 166456000000, 
2.3467269638441586, -0.03341333802648302, 0.4702363422864, 166490000000, 
2.3400495499067997, -0.03339218430979211, 0.469122914596713, 166558000000, 
2.333376363156193, -0.044502002293218546, 0.46801019179381004, 166626000000, 
2.3267075169910947, -0.04447344305235005, 0.46667556200360577, 166694000000, 
2.3200431052381862, -0.04444419306002256, 0.4653417990256983, 166762000000, 
2.3133833858966097, -0.04441377031494979, 0.4640089338750593, 166830000000, 
2.3067275652789982, -0.044385133197293314, 0.46267693709425295, 166898000000, 
2.3000761673291548, -0.04435739522484994, 0.4613458079003175, 166966000000, 
2.2967519079091376, -0.03325219123286871, 0.4602370427011527, 167000000000, 
2.290106078159036, -0.03323363056706293, 0.4591289435598219, 167068000000, 
2.283464135894954, -0.04429257338061247, 0.4580214747975418, 167136000000, 
2.2768258198018465, -0.04426752785729793, 0.4566930689237224, 167204000000, 
2.273508015363667, -0.033187068437623424, 0.4555865314040312, 167238000000, 
2.2668750917842866, -0.03316909339186639, 0.4544805951299867, 167306000000, 
2.26024569064516, -0.044207749061689526, 0.4533752531862075, 167374000000, 
2.2569323771816627, -0.033142382008746196, 0.45227021064074063, 167408000000, 
2.250308767556052, -0.033123076963693286, 0.45116578902552495, 167476000000, 
2.243688292527052, -0.044146948848702294, 0.4500619624843178, 167544000000, 
2.237071351027557, -0.04412472176164991, 0.448737894074044, 167612000000, 
2.233764296179987, -0.03307998782354993, 0.44763492931563975, 167646000000, 
2.2304581219928483, -0.02204409678236245, 0.4467529179466928, 167680000000, 
2.2271527619592053, -0.022038447402605854, 0.4460916786754694, 167714000000, 
2.2238482231245214, -0.022032996227756563, 0.44543060713843835, 167748000000, 
2.220544445103651, -0.022027722851847287, 0.4447696953458252, 167782000000, 
2.2172415805015913, -0.022022142076433642, 0.4441089499153175, 167816000000, 
2.2139395749100004, -0.022016233978835825, 0.44344837336768284, 167850000000, 
2.210638302509276, -0.022010926641050272, 0.44278796386139113, 167884000000, 
2.2073377929875098, -0.022005939741635377, 0.44212771136045237, 167918000000, 
2.200739091148063, -0.032997371204044335, 0.44124767910965657, 167986000000, 
2.1941435583864846, -0.04398078200341734, 0.4401480295014705, 168054000000, 
2.187551359916115, -0.0439591041064924, 0.4388289339633776, 168122000000, 
2.1842563931325243, -0.03295721751320091, 0.43773008742900826, 168156000000, 
2.177668865167356, -0.03294164916253006, 0.436631774547733, 168224000000, 
2.1710844739066473, -0.04390639741959005, 0.4355339821471019, 168292000000, 
2.1677934595725987, -0.03291801864919138, 0.43443645324310676, 168326000000, 
2.1612137312723787, -0.0329024754475619, 0.43333944431677496, 168394000000, 
2.154636653835798, -0.04385601912266927, 0.43224292297871836, 168462000000, 
2.148062420721247, -0.04383770183710537, 0.4309275203886282, 168530000000, 
2.1414909905389488, -0.043818877656163956, 0.4296126710063996, 168598000000, 
2.134922309366633, -0.04380037118204635, 0.4282983813751219, 168666000000, 
2.1316389283342807, -0.032840207348893515, 0.4272034818826575, 168700000000, 
2.128356305055733, -0.021886681036334583, 0.42632783618377645, 168734000000, 
2.1250743859890253, -0.021881807817517956, 0.42567130795860253, 168768000000, 
2.121793079341029, -0.021877419049012303, 0.42501491802571917, 168802000000, 
2.1185124168692386, -0.02187323039928894, 0.4243586588132862, 168836000000, 
2.1119530423283783, -0.03280012337550264, 0.423483902569243, 168904000000, 
2.105396321676546, -0.043720317308975076, 0.42239078539161085, 168972000000, 
2.1021189276470373, -0.03278038227113663, 0.4212978861101308, 169006000000, 
2.095566144220216, -0.032767258187766934, 0.4202054262362533, 169074000000, 
2.0890161445017417, -0.04367594381765224, 0.41911341442459965, 169142000000, 
2.082468773773541, -0.043657901488917496, 0.4178034041663665, 169210000000, 
2.075924192141231, -0.04363984120170213, 0.4164939406944343, 169278000000, 
2.06938214946681, -0.04362208102243562, 0.41518500769210537, 169346000000, 
2.0628427050514535, -0.04360495696592507, 0.41387660311063296, 169414000000, 
2.059573972160308, -0.032693924355006544, 0.4127865884452381, 169448000000, 
2.053038437878233, -0.0326808905774012, 0.4116970076726663, 169516000000, 
2.046505484799207, -0.04356162453700444, 0.41060785965584984, 169584000000, 
2.039975025677906, -0.04354470733442343, 0.4093012632236897, 169652000000, 
2.033447080506527, -0.04352801430893264, 0.4079951727322426, 169720000000, 
2.0269216119630595, -0.04351137904948862, 0.4066895812098328, 169788000000, 
2.0203986512887764, -0.043494764059168745, 0.4053844895838908, 169856000000, 
2.013878304933757, -0.043477690097675215, 0.40407990454570614, 169924000000, 
2.0106190894674225, -0.032598539404512884, 0.40299306971266374, 169958000000, 
2.004104064339586, -0.03258080198056993, 0.401906763916051, 170026000000, 
1.9975731528254317, -0.043486455473302765, 0.40081975377549595, 170094000000, 
1.9910251808907664, -0.04359627816273193, 0.3995134932037189, 170162000000, 
1.9877574652156822, -0.03271895869916497, 0.39842371992879205, 170196000000, 
1.9812109839890768, -0.032713989672298695, 0.397332908673035, 170264000000, 
1.9779382120955866, -0.032730843733651906, 0.3964604440866897, 170298000000, 
1.971389228738251, -0.03273918416941912, 0.3953692283215276, 170366000000, 
1.964836926646974, -0.04367095149537518, 0.3942776244987208, 170434000000, 
1.9582814057981706, -0.043692743133601684, 0.3929671707455597, 170502000000, 
1.9550057859056298, -0.03277046913781426, 0.39187494122338495, 170536000000, 
1.9484564781716582, -0.03274975875504108, 0.39078291132503057, 170604000000, 
1.945179718967296, -0.03275355646111292, 0.3899094655363056, 170638000000, 
1.9386279618792166, -0.03276172097480545, 0.38881761060121134, 170706000000, 
1.9320758351747154, -0.04367961264193513, 0.38772556773474853, 170774000000, 
1.9255247672853297, -0.04367731531295623, 0.3864152376226174, 170842000000, 
1.918974379956083, -0.04367151739544125, 0.38510499882774185, 170910000000, 
1.915699384842317, -0.03275127481004262, 0.38401323547224864, 170944000000, 
1.9091480818559343, -0.032754327000495596, 0.3829214564436223, 171012000000, 
1.902597343959691, -0.04367346960875299, 0.3818296540438628, 171080000000, 
1.8960466059917376, -0.043671586213989144, 0.38051946878715753, 171148000000, 
1.8894962404130116, -0.04367034515559828, 0.379209346024296, 171216000000, 
1.8862211268580626, -0.032751597112249765, 0.3781175982175208, 171250000000, 
1.879671071323853, -0.03275056363052883, 0.37702589590632846, 171318000000, 
1.8731211773995642, -0.04366649819499487, 0.3759342250387653, 171386000000, 
1.8665720971270985, -0.043663247322514774, 0.3746242897233677, 171454000000, 
1.860023649016232, -0.04365842794444038, 0.3733144615695263, 171522000000, 
1.8534758804749512, -0.043654055507157764, 0.37200477510788543, 171590000000, 
1.8469287948056274, -0.04364951403534878, 0.37069522161978735, 171658000000, 
1.8403823230156406, -0.04364519153103504, 0.3693857998864146, 171726000000, 
1.8371094737150517, -0.03273107030191902, 0.3682947061024213, 171760000000, 
1.8305645802721788, -0.0327258091448727, 0.3672037584668581, 171828000000, 
1.8272924724983404, -0.032723337389037876, 0.36633110176570477, 171862000000, 
1.820748992420967, -0.032718626170706124, 0.3652404030127657, 171930000000, 
1.8142065011180393, -0.04361990460100366, 0.36414986440248975, 171998000000, 
1.8076651216680182, -0.043612902509829375, 0.362841374347135, 172066000000, 
1.8011249355670425, -0.04360521850332274, 0.36153310389020665, 172134000000, 
1.7945858075180567, -0.0435977138332048, 0.36022505765020785, 172202000000, 
1.7880478193817213, -0.04359038728440382, 0.358917237497788, 172270000000, 
1.7847792616345184, -0.03268848627846118, 0.35782752590228645, 172304000000, 
1.7782431443218412, -0.03268225019960047, 0.3567380150225387, 172372000000, 
1.7717084405852008, -0.0435694034977252, 0.3556487231027707, 172440000000, 
1.7651750529959311, -0.04356030441970008, 0.3543417758601982, 172508000000, 
1.7586430490588718, -0.04355130508776339, 0.3530351028426669, 172576000000, 
1.752112528506925, -0.04354174829668711, 0.3517287087041152, 172644000000, 
1.7455835574445593, -0.04353163871437508, 0.35042260900069033, 172712000000, 
1.73905606532124, -0.04352154395228366, 0.3491168100848483, 172780000000, 
1.7325301588659991, -0.04351132859520046, 0.34781131877545324, 172848000000, 
1.7292678169144744, -0.03262749468921836, 0.34672360274011427, 172882000000, 
1.7227444213747694, -0.03261912497076599, 0.3456361598103495, 172950000000, 
1.7162227419270688, -0.04348358329135197, 0.3445489986810875, 173018000000, 
1.712962541643618, -0.03260626577050433, 0.34346198032969705, 173052000000, 
1.7064434381455194, -0.03259767927183151, 0.3423752481144138, 173120000000, 
1.6999261571809987, -0.04345461487539781, 0.34128880913134235, 173188000000, 
1.6934107425700529, -0.043442318584888305, 0.3399853558597714, 173256000000, 
1.6901537140939564, -0.03257481029014094, 0.3388993742563339, 173290000000, 
1.683641014576258, -0.03256575997931647, 0.3378136980826845, 173358000000, 
1.6771302162400914, -0.04341165951288343, 0.33672832966068705, 173426000000, 
1.6706213882688188, -0.043398754358130454, 0.33542617460567786, 173494000000, 
1.6641145729673283, -0.04338547757587685, 0.33412441183174924, 173562000000, 
1.6608619262348128, -0.03253154011335339, 0.33303985916473067, 173596000000, 
1.654358132605922, -0.032521467871354424, 0.3319556421205376, 173664000000, 
1.6478563697517943, -0.04335185494339496, 0.3308717619061686, 173732000000, 
1.6413567065603119, -0.04333808681870055, 0.32957141392786854, 173800000000, 
1.638107708911044, -0.03249553613583404, 0.32848805234821005, 173834000000, 
1.6316113795840739, -0.03248442325412659, 0.3274050530036953, 173902000000, 
1.625117293178803, -0.04330138577413711, 0.32632242544492807, 173970000000, 
1.6218710734695911, -0.032467687048275774, 0.32523998308216456, 174004000000, 
1.6153803069739539, -0.032456620682830284, 0.3241579115748232, 174072000000, 
1.6088918204905411, -0.04326417659683335, 0.3230762133956057, 174140000000, 
1.6024056697709685, -0.04324879067661769, 0.32177851981569755, 174208000000, 
1.5991634727724025, -0.032427825727128955, 0.3206973975355941, 174242000000, 
1.595921897270003, -0.021612575003218115, 0.31983273598755824, 174276000000, 
1.589440581566171, -0.03240963735410496, 0.3189683967739051, 174344000000, 
1.5829617486188656, -0.043200495503791604, 0.31788828183033596, 174412000000, 
1.576485352246313, -0.04318409773286014, 0.31659251216208995, 174480000000, 
1.570011474766599, -0.04316757950755553, 0.31529723837545187, 174548000000, 
1.5635401596197191, -0.043150642088645906, 0.3140024657755087, 174616000000, 
1.5570714824654686, -0.0431333076704347, 0.31270820779011915, 174684000000, 
1.5538381310190952, -0.03234009533541323, 0.31162998487361887, 174718000000, 
1.5473734533728092, -0.03232676364219792, 0.3105522044571582, 174786000000, 
1.5409114422788754, -0.04308896246739913, 0.30947486844471866, 174854000000, 
1.534452160002532, -0.04307097790092381, 0.30818247037694774, 174922000000, 
1.5312235619887522, -0.0322929343004108, 0.307105810951344, 174956000000, 
1.5247685269429765, -0.032278776865185176, 0.30602961659561734, 175024000000, 
1.5183163616318953, -0.04302400118952295, 0.3049538967042416, 175092000000, 
1.5118670603195854, -0.04300488874463696, 0.30366346325963045, 175160000000, 
1.5086434906409316, -0.032242903303212334, 0.30258846083949414, 175194000000, 
1.5021985593383227, -0.03222833660420902, 0.30151394068658927, 175262000000, 
1.4957566585942543, -0.042956106822257624, 0.30043991390490055, 175330000000, 
1.4893183866833883, -0.042933908849781176, 0.29915157364106437, 175398000000, 
1.4829085718983648, -0.04282695565296516, 0.2978655744784005, 175466000000, 
1.4765216036531976, -0.04265594343396906, 0.29658323748233, 175534000000, 
1.4701349359550606, -0.04257878647768054, 0.2953043407671082, 175602000000, 
1.4637630373300006, -0.04252855441065684, 0.2940279717958839, 175670000000, 
1.457400309994756, -0.042448753201015745, 0.29275321888532113, 175738000000, 
1.4510493476363298, -0.04237896564556939, 0.29148084633073906, 175806000000, 
1.447876841829621, -0.031744893883782765, 0.2904217666307138, 175840000000, 
1.4415343664621887, -0.031716603913803564, 0.28936403706187597, 175908000000, 
1.4383656969156984, -0.03170381637974229, 0.2885184603471672, 175942000000, 
1.4351967230842808, -0.021125477926359586, 0.28767311909747784, 175976000000, 
1.428864570755222, -0.0316704205349209, 0.28682846605034673, 176044000000, 
1.4257021781351593, -0.03164848316373833, 0.28598423146497753, 176078000000, 
1.4225405059817562, -0.02108021591155307, 0.2851404836581425, 176112000000, 
1.4193802772927473, -0.02107300280804007, 0.2845081974273108, 176146000000, 
1.4130654906892792, -0.031583384308256544, 0.2836657515975855, 176214000000, 
1.4099104800121638, -0.03156599093527834, 0.2828237498662793, 176248000000, 
1.4036066311694746, -0.0315295317326821, 0.2817721734580612, 176316000000, 
1.3973110453354896, -0.04199811558891412, 0.2807218771011418, 176384000000, 
1.3910235645566678, -0.04194355537602279, 0.2794627494041088, 176452000000, 
1.3878825424878292, -0.03142834282553464, 0.27841447682533244, 176486000000, 
1.381606869841604, -0.03138898238354596, 0.2773675317924067, 176554000000, 
1.3753390627632618, -0.04181159908189125, 0.276321898339513, 176622000000, 
1.3722080976211615, -0.03132924073480833, 0.27527693534840186, 176656000000, 
1.3659519451348816, -0.031290392094600605, 0.274233273701287, 176724000000, 
1.3597031216842104, -0.04168325312317034, 0.27319087762935024, 176792000000, 
1.3534616253591814, -0.04163439925233418, 0.27194111281188493, 176860000000, 
1.3472278092882144, -0.04158437465331991, 0.27069283708877373, 176928000000, 
1.3410012952973684, -0.04153443353937636, 0.26944604866298427, 176996000000, 
1.3378907224839696, -0.031123622680816105, 0.2684079884713035, 177030000000, 
1.3316752950823065, -0.031086667383539712, 0.2673711541909096, 177098000000, 
1.3254674013327472, -0.04141107050407452, 0.2663355612599349, 177166000000, 
1.3192669052824537, -0.041361299332842716, 0.2650939734465005, 177234000000, 
1.3130739568264562, -0.04131148168763662, 0.2638538842294438, 177302000000, 
1.3068885128088135, -0.04126130824546751, 0.2626152916611815, 177370000000, 
1.3037986934846326, -0.030917544472745345, 0.26158407754132684, 177404000000, 
1.2976249886393914, -0.030878413898073703, 0.2605541463288558, 177472000000, 
1.291458996096458, -0.041132324627248806, 0.25952551188136547, 177540000000, 
1.2853006888520606, -0.04108099929110246, 0.2582923115725273, 177608000000, 
1.2791501955443094, -0.04102933517382853, 0.2570606586995218, 177676000000, 
1.2730075747191698, -0.04097704710963601, 0.255830563941036, 177744000000, 
1.266872971199148, -0.040924081150538104, 0.2546020494308418, 177812000000, 
1.2607464550635494, -0.040870398852067925, 0.25337513339879114, 177880000000, 
1.2576861854465433, -0.03062261917534892, 0.2523537074472827, 177914000000, 
1.2515716666617913, -0.030582628005860386, 0.2513336204781256, 177982000000, 
1.248517476518379, -0.03056236309388079, 0.2505183552417809, 178016000000, 
1.2424152846786318, -0.030521273277198297, 0.2495002951905868, 178084000000, 
1.2363213869377097, -0.04065363193556474, 0.24848360987564805, 178152000000, 
1.2302358167355807, -0.04059822647683712, 0.24726483255679485, 178220000000, 
1.2241586697708775, -0.040542390556107165, 0.24604772489627788, 178288000000, 
1.218090185958596, -0.04048543592328239, 0.24483231149767026, 178356000000, 
1.2090037802115983, -0.050516298530930794, 0.24341684239607145, 178458000000, 
1.2059793698743908, -0.04036938694735056, 0.242204889069639, 178492000000, 
1.1999371601511835, -0.030222066868049364, 0.24099468734914484, 178560000000, 
1.1939039245958298, -0.0402514842618699, 0.2399880303080936, 178628000000, 
1.1878797442745292, -0.04019138625551403, 0.23878138860143616, 178696000000, 
1.181864681204151, -0.04013081130559648, 0.237576556671634, 178764000000, 
1.175858847751565, -0.04006965507654744, 0.23637355154868303, 178832000000, 
1.1698623466636477, -0.040007781801677154, 0.23517239170795756, 178900000000, 
1.1638754339169781, -0.039944712781956326, 0.2339731085554794, 178968000000, 
1.1578981234885788, -0.03988074391689652, 0.232775726937947, 179036000000, 
1.1519305178560724, -0.03981638686968584, 0.2315802716841086, 179104000000, 
1.1459727506585036, -0.039751242766917404, 0.23038675946687695, 179172000000, 
1.1429976117275973, -0.029776353761583607, 0.22939339201614486, 179206000000, 
1.1370549313515472, -0.029726064356521142, 0.2284016862491765, 179274000000, 
1.1311225246826766, -0.03958362348306895, 0.2274116711841214, 179342000000, 
1.128160215253613, -0.029649053659780805, 0.22642251141918912, 179376000000, 
1.1222433939855079, -0.029597102323895747, 0.2254350755947865, 179444000000, 
1.1163371275229839, -0.03941029243543041, 0.22444938245080698, 179512000000, 
1.1133880000763476, -0.029517979697200786, 0.22346456810565596, 179546000000, 
1.1045569439444858, -0.039267278594993606, 0.22228547143625446, 179648000000, 
1.1016187909015374, -0.0392306972493676, 0.2213042489948247, 179682000000, 
1.0928211384939912, -0.03911935150164858, 0.21993312488933428, 179784000000, 
1.0898942524281268, -0.03908179491136865, 0.218955612121577, 179818000000, 
1.0840490789029151, -0.02924019863692025, 0.2177842979883355, 179886000000, 
1.0782155399883273, -0.03892904146599818, 0.21681059142129128, 179954000000, 
1.0753032236929034, -0.029152850700038997, 0.21583785617227638, 179988000000, 
1.0694875323169288, -0.02909335890466158, 0.2148670863998773, 180056000000, 
1.0636838819798569, -0.03873113904348857, 0.2138983091993126, 180124000000, 
1.0607866341911352, -0.02900299375264555, 0.21293053656586136, 180158000000, 
1.0578924803429657, -0.0193046721229706, 0.2121575331009305, 180192000000, 
1.052113570647857, -0.028910211810927084, 0.21138617901213053, 180260000000, 
1.0463358206974056, -0.03852219881853358, 0.21042279144588186, 180328000000, 
1.0403887108489585, -0.03908286599632863, 0.20925587347961472, 180396000000, 
1.0343601065380224, -0.03991904719794418, 0.20807230920562575, 180464000000, 
1.031347655703267, -0.030136850485638078, 0.20707309820601652, 180498000000, 
1.0252531107622338, -0.030356652585961836, 0.20606405820023488, 180566000000, 
1.0222027752631906, -0.030482934800254807, 0.20525356944857942, 180600000000, 
1.0191350172149654, -0.02039364515756148, 0.2044393935493593, 180634000000, 
1.0160522176790325, -0.020501858613860186, 0.2038260006771459, 180668000000, 
1.0129636880866266, -0.020571097094462438, 0.20321006153204166, 180702000000, 
1.009866728967681, -0.02061829570450498, 0.20259217564888934, 180736000000, 
1.0067613966974558, -0.020674304630569445, 0.20197278758345089, 180770000000, 
1.0005618256002706, -0.031016344558034703, 0.20114599675102715, 180838000000, 
0.9974602851935337, -0.031003705013073663, 0.20031890049941736, 180872000000, 
0.9943530875632601, -0.020695793456701656, 0.19949167989047098, 180906000000, 
0.988122890614822, -0.031124648595705812, 0.19866241755810773, 180974000000, 
0.9850050170606738, -0.031160235008621157, 0.1978320663492504, 181008000000, 
0.9787542282816607, -0.03122887444387083, 0.19679214239714377, 181076000000, 
0.9756258029601875, -0.03126404700162085, 0.19595900322016813, 181110000000, 
0.9724934106118747, -0.020869392232620115, 0.19512489612358153, 181144000000, 
0.9662184064349375, -0.03135798841750007, 0.1942891746671333, 181212000000, 
0.9599280667038185, -0.04188447969352064, 0.19324265891670872, 181280000000, 
0.956777394051053, -0.03147004127961502, 0.19219492447932057, 181314000000, 
0.9504701636372217, -0.03152634355532258, 0.19114504162613954, 181382000000, 
0.9473127913604786, -0.03154867563524788, 0.19030402326991688, 181416000000, 
0.9409911561465438, -0.0315966916355929, 0.18925160740961627, 181484000000, 
0.9378273435885661, -0.03161815923970838, 0.18840875273970592, 181518000000, 
0.931492436201587, -0.03166239981652293, 0.18735406239577979, 181586000000, 
0.9283225898676782, -0.031682512402959606, 0.18650949131052208, 181620000000, 
0.9219797130252894, -0.03170907725432529, 0.18545298260630363, 181688000000, 
0.9188062567873255, -0.03172111026784238, 0.18460723731201956, 181722000000, 
0.9156313268195684, -0.021161287352403264, 0.18376115310881225, 181756000000, 
0.9092777490647639, -0.0317616924085388, 0.18291435551144383, 181824000000, 
0.902919774651665, -0.042371840559678096, 0.18185525670239983, 181892000000, 
0.8997393786959252, -0.03179456789612881, 0.18079579349415692, 181926000000, 
0.8933761779490197, -0.03181198900881754, 0.17973568875310733, 181994000000, 
0.887010041597368, -0.042431123661857605, 0.17867503988282085, 182062000000, 
0.8806407321365106, -0.042451486041696906, 0.1774017967788599, 182130000000, 
0.8742683674789531, -0.042472247061382896, 0.17612794274752208, 182198000000, 
0.8710812782931375, -0.031864846144576964, 0.17506602519390674, 182232000000, 
0.8678942898579058, -0.021246925403490824, 0.17421626237533308, 182266000000, 
0.8615199262758417, -0.031871173390985996, 0.17336636629512567, 182334000000, 
0.8583319549802028, -0.03187444959234361, 0.1725164114075967, 182368000000, 
0.8551438794302118, -0.021253489485433263, 0.1716663840457504, 182402000000, 
0.8487682221433953, -0.031879109456024825, 0.17081627043692066, 182470000000, 
0.8455805403974803, -0.03187779677577144, 0.16996617613140586, 182504000000, 
0.8423929795454119, -0.021250808659944626, 0.16911611613908584, 182538000000, 
0.8392057240608287, -0.02124938778883867, 0.16847861626691474, 182572000000, 
0.8328315445501817, -0.03187144998410071, 0.16762868321042818, 182640000000, 
0.829644324725156, -0.03187133111890894, 0.16677877288907778, 182674000000, 
0.8264573678795406, -0.02124725556880369, 0.1659288824769919, 182708000000, 
0.8200848751539835, -0.03186483190390832, 0.16507910451724536, 182776000000, 
0.8168989445308507, -0.031861411162299826, 0.16422941250429166, 182810000000, 
0.813713384743087, -0.02123830136965525, 0.16337981362852808, 182844000000, 
0.8073437760802022, -0.03185056150216137, 0.16253040702360932, 182912000000, 
0.8009754000100204, -0.04245994911022177, 0.16146883738888732, 182980000000, 
0.7946095527492826, -0.04244741110306557, 0.16019524858930034, 183048000000, 
0.7882462066375295, -0.042430644574969666, 0.15892207729312216, 183116000000, 
0.7818858824290243, -0.04241223440086076, 0.15764944278772242, 183184000000, 
0.7755287088746856, -0.04239165920947974, 0.15637738652941596, 183252000000, 
0.7723513216495964, -0.03178186926475979, 0.1553177275302204, 183286000000, 
0.7659998077560098, -0.031763003728919235, 0.15425865588535279, 183354000000, 
0.7596528115337524, -0.04232836705281332, 0.1532002627292906, 183422000000, 
0.7564810810721948, -0.03172908894605012, 0.15214224669079712, 183456000000, 
0.7469731470330405, -0.04226554833570632, 0.1508738026425992, 183558000000, 
0.7406409778173163, -0.05280034418292834, 0.14960634706150344, 183626000000, 
0.7343142279963532, -0.04219639678895789, 0.14812855685644735, 183694000000, 
0.7311527826751407, -0.031627317140585275, 0.147073865899254, 183728000000, 
0.7248342672259671, -0.03159986923462014, 0.14602008519316406, 183796000000, 
0.7153677705673781, -0.0526167070258754, 0.1447569880312324, 183898000000, 
0.7122152965363227, -0.0420632356321482, 0.1434944889553112, 183932000000, 
0.7059155616994618, -0.03150736289305437, 0.1422332419202108, 184000000000, 
0.6996227143078086, -0.04197527409504668, 0.1411835715029062, 184068000000, 
0.6933367996672187, -0.041929206774143545, 0.13992500504496594, 184136000000, 
0.687058170735476, -0.04188181190777537, 0.13866784564736687, 184204000000, 
0.6807872104813908, -0.04183196395275979, 0.13741214539227237, 184272000000, 
0.6745246167818274, -0.04177851317882878, 0.13615799986657962, 184340000000, 
0.671396294741652, -0.03130305246579609, 0.1351138748003247, 184374000000, 
0.6651459684452631, -0.03126216112188107, 0.13407112533124949, 184442000000, 
0.6620241867540736, -0.03124035995859457, 0.13323776332939924, 184476000000, 
0.6557873468531041, -0.031195405307196482, 0.13219716680349605, 184544000000, 
0.6495599684571998, -0.04154739432291277, 0.13115810013762516, 184612000000, 
0.6433422669496142, -0.04148359967829992, 0.12991263881732787, 184680000000, 
0.6402371460019536, -0.031076074850820607, 0.1288759587605845, 184714000000, 
0.634034534103701, -0.031025776153043767, 0.12784092980368458, 184782000000, 
0.6278424525643367, -0.04131564479205633, 0.12680760884466608, 184850000000, 
0.6247504899648881, -0.03094681379604299, 0.12577516510886172, 184884000000, 
0.6154912723684871, -0.04117060065283192, 0.12453894765984747, 184986000000, 
0.6124106980659416, -0.04113263966315506, 0.12351016402662113, 185020000000, 
0.6093330924198096, -0.020527266495591705, 0.1224823375236159, 185054000000, 
0.6031870416290271, -0.03074552145638158, 0.12166205547431853, 185122000000, 
0.6001186568750085, -0.03071478514933686, 0.12084258606158968, 185156000000, 
0.5909328920712632, -0.04084716519254646, 0.11961590603835326, 185258000000, 
0.5878776398262829, -0.040803390162418664, 0.11859527925150365, 185292000000, 
0.578710398175801, -0.04074164631820717, 0.11716806200488981, 185394000000, 
0.5755723073437141, -0.04101777494189607, 0.11614402302305323, 185428000000, 
0.5691100748889057, -0.032001077622984354, 0.11489285202722806, 185496000000, 
0.5626628137055036, -0.043031645460701595, 0.11382301306254156, 185564000000, 
0.5561411518628221, -0.043229743420278854, 0.11252760269714876, 185632000000, 
0.5495885883849476, -0.04358075106852007, 0.11122617026355155, 185700000000, 
0.5429806639682933, -0.04386829298176279, 0.10991402694773753, 185768000000, 
0.5363581724813596, -0.04410138634529326, 0.10859516165564002, 185836000000, 
0.5330400328523713, -0.03313543705307306, 0.10749192462013495, 185870000000, 
0.5264200451769859, -0.03312709101457904, 0.10638788336738113, 185938000000, 
0.5197826759997399, -0.04419118950877136, 0.10528285026860648, 186006000000, 
0.5131314808702101, -0.04429521435591943, 0.10395561346979573, 186074000000, 
0.5064745495507987, -0.044360421496470646, 0.10262591376138325, 186142000000, 
0.4998094589544908, -0.044406739719064316, 0.10129436595836665, 186210000000, 
0.4931315612026298, -0.044476627827229796, 0.09996103798052797, 186278000000, 
0.48978658482365833, -0.033409580436108234, 0.0988485069987186, 186312000000, 
0.4864381159354427, -0.0223114842239569, 0.09795708413078205, 186346000000, 
0.4830867155739557, -0.022332897499008724, 0.09728742775553711, 186380000000, 
0.4797329394199903, -0.02235058838484146, 0.09661718472862592, 186414000000, 
0.4730199209551038, -0.03355598206283968, 0.09572263839660332, 186482000000, 
0.46632203887947565, -0.04470300180171546, 0.09460499328363797, 186550000000, 
0.45972408560678474, -0.04431945116106358, 0.09327106969609095, 186618000000, 
0.4531078445404987, -0.04404731446325657, 0.09194359793511726, 186686000000, 
0.4463631628298139, -0.0445364092565694, 0.09061300619847315, 186754000000, 
0.4396120737474157, -0.04498590264361002, 0.08927220540784855, 186822000000, 
0.43295696972051834, -0.04468731036431861, 0.0879288137531832, 186890000000, 
0.4268825664813766, -0.042431690886796845, 0.08663010732995405, 186958000000, 
0.4208513609153954, -0.04035202935040986, 0.08537939314115268, 187026000000, 
0.4149637050016598, -0.03972953826572275, 0.08417984215989545, 187094000000, 
0.40919902257779883, -0.038841127791988485, 0.08300093923299026, 187162000000, 
0.4035572376138397, -0.038021557959400286, 0.08184799767955322, 187230000000, 
0.40078463837971867, -0.02804794732693387, 0.0809027265714238, 187264000000, 
0.3952497625868158, -0.027691583423412974, 0.07997277590535828, 187332000000, 
0.38973836510320464, -0.03682091092171343, 0.07905151773798262, 187400000000, 
0.3869889498196412, -0.027536042557248692, 0.07813180516731077, 187434000000, 
0.3815636218450164, -0.027249144193960777, 0.07721939578452415, 187502000000, 
0.37620070458242555, -0.03596081745738555, 0.07631688508313887, 187570000000, 
0.37075721027809755, -0.036021371889729537, 0.07523476911370262, 187638000000, 
0.3679628458042911, -0.027459529260448107, 0.07432805071098761, 187672000000, 
0.3624489763803037, -0.027694112992646125, 0.07341126883084616, 187740000000, 
0.35719850811550297, -0.03588112562929383, 0.07250735535333984, 187808000000, 
0.35450651445046305, -0.02647487309946887, 0.07161026659641799, 187842000000, 
0.34919801711143994, -0.026668303346876754, 0.07072686931182706, 187910000000, 
0.3467336919167023, -0.025909408445869236, 0.0700292148985737, 187944000000, 
0.3418503011662037, -0.02449238648412085, 0.06918546734628973, 188012000000, 
0.336891607022296, -0.032806949648021, 0.06836504000701346, 188080000000, 
0.3319074780684945, -0.03314274365903055, 0.06737662575046628, 188148000000, 
0.32714939322810244, -0.03247404598064515, 0.06639656522125953, 188216000000, 
0.3247024359690228, -0.02401680699823901, 0.06558395381770799, 188250000000, 
0.31989895661119094, -0.024168122056371644, 0.0647833857205544, 188318000000, 
0.31512697000855117, -0.03191821986823884, 0.06398189083925099, 188386000000, 
0.31274829047340363, -0.023835553792624364, 0.06318494780620972, 188420000000, 
0.30835150282668033, -0.022584890606236103, 0.062415117553909015, 188488000000, 
0.3019226142880911, -0.036085587284375165, 0.061534827172545, 188590000000, 
0.29979821166664483, -0.02851097053345168, 0.06067148858542775, 188624000000, 
0.2953469072472796, -0.02191902346937169, 0.05980451554680104, 188692000000, 
0.29110577156918543, -0.028974800324864658, 0.05908339269887399, 188760000000, 
0.28680273779267085, -0.028480564848695766, 0.05821702777394239, 188828000000, 
0.2846648213665859, -0.021469834008665162, 0.057504888715229484, 188862000000, 
0.2803888911207343, -0.021379488906455208, 0.056790430018666065, 188930000000, 
0.2765623560520198, -0.02700821771522033, 0.05610773790262266, 188998000000, 
0.27262732445848914, -0.025871888874150484, 0.055305238108749544, 189066000000, 
0.2686943844727329, -0.026226571930956233, 0.05452560433221613, 189134000000, 
0.2668049969526171, -0.019407758352906757, 0.053875113725589285, 189168000000, 
0.26307954582942245, -0.018716128811034904, 0.05323859515031817, 189236000000, 
0.2611173079453703, -0.018958963357489367, 0.05273345671516066, 189270000000, 
0.257257326925581, -0.019407396346138122, 0.05209694538002491, 189338000000, 
0.2517323768095146, -0.03128310378618567, 0.051340467445364385, 189440000000, 
0.2481884233514071, -0.030229678580579733, 0.05047854180576685, 189508000000, 
0.24448524456339696, -0.02415710748705881, 0.049627069648287905, 189576000000, 
0.24083871336883955, -0.024499033275225124, 0.048900825418909576, 189644000000, 
0.23902598497515282, -0.018197531960813806, 0.04828999619382595, 189678000000, 
0.23725144156989025, -0.011957572663164329, 0.0478077426609255, 189712000000, 
0.23217233303614632, -0.022845506463355, 0.047229983972079295, 189814000000, 
0.23064261702853386, -0.02202941513785463, 0.04667109277563802, 189848000000, 
0.22912497816292574, -0.010157849577401937, 0.04612932854850706, 189882000000, 
0.22601733990577694, -0.015417590409189755, 0.0457189956731491, 189950000000, 
0.22287317689856806, -0.02083933754785892, 0.04520103299781805, 190018000000, 
0.21958349328930218, -0.021446155388249177, 0.044564934006243145, 190086000000, 
0.21611218763277118, -0.0225366308859896, 0.043904590521376095, 190154000000, 
0.21308761434168066, -0.021652929825405065, 0.04325221968425027, 190222000000, 
0.2096880128433759, -0.02141391596465092, 0.04259252098785518, 190290000000, 
0.20651477762008766, -0.021909455738643353, 0.04195269365367628, 190358000000, 
0.20345864287910037, -0.02076456654758511, 0.04131076222283759, 190426000000, 
0.20198938117122167, -0.01508465482955329, 0.04079752011136065, 190460000000, 
0.19917150384698293, -0.014290463440391477, 0.040307968526487, 190528000000, 
0.19641064359796204, -0.01859579191086545, 0.039838101907744436, 190596000000, 
0.195035320900103, -0.013787276489599746, 0.03937449788966987, 190630000000, 
0.19233170036972116, -0.013596477427469575, 0.03891851099118574, 190698000000, 
0.18969673305855736, -0.017795292805152147, 0.038470916955225434, 190766000000, 
0.18699001771446047, -0.017805608850868977, 0.03793456340951593, 190834000000, 
0.18420888791241402, -0.01829281715381113, 0.037393042579028785, 190902000000, 
0.1828227956277965, -0.013890740288879933, 0.03693478008364473, 190936000000, 
0.18153170622718026, -0.008923938950779198, 0.03657089265115939, 190970000000, 
0.17888068130715903, -0.013140381068791526, 0.03621567887747572, 191038000000, 
0.17617869023333985, -0.017843386646134718, 0.03577273851784527, 191106000000, 
0.17492917330346977, -0.013171693345630878, 0.03533256965626457, 191140000000, 
0.17245260091380488, -0.012420297731783233, 0.03490403096337429, 191208000000, 
0.17002917945450016, -0.016333312829898694, 0.03449406357811832, 191276000000, 
0.16743930333873666, -0.01671099191689405, 0.03399473891380278, 191344000000, 
0.16610766550150846, -0.013071713176639002, 0.03357174321964969, 191378000000, 
0.16362835669527034, -0.012703155478221059, 0.033145021702367695, 191446000000, 
0.16135146543686402, -0.015854000215481483, 0.03273916584224285, 191514000000, 
0.15894589339223178, -0.015608211010128548, 0.032261714368291075, 191582000000, 
0.1566330452113934, -0.015728067418235386, 0.03179536026936595, 191650000000, 
0.15443358353111394, -0.015041032870392787, 0.03133416814231594, 191718000000, 
0.153347700713401, -0.01095114832664131, 0.030960955297060555, 191752000000, 
0.15108968092830297, -0.011146342009369925, 0.03059139767818786, 191820000000, 
0.14891692348263827, -0.014769257435875796, 0.030223620341622816, 191888000000, 
0.1468313310519549, -0.014194499587826906, 0.02978919569752641, 191956000000, 
0.14478200192547208, -0.013783071857220627, 0.029368683764004352, 192024000000, 
0.14376779652982508, -0.010211781740432727, 0.029025408633816804, 192058000000, 
0.14275999990416485, -0.006740006737690762, 0.028753986557297467, 192092000000, 
0.14169266567639643, -0.006917102844762139, 0.02854803080735909, 192126000000, 
0.1406252722470485, -0.007115758857054548, 0.028338529188507315, 192160000000, 
0.13957903500409696, -0.007045435574331571, 0.028126464861836127, 192194000000, 
0.13756543546649821, -0.010199455935167578, 0.027851316181176245, 192262000000, 
0.1365980866605017, -0.009936494478650915, 0.027582837142073123, 192296000000, 
0.13563816651610025, -0.006424229834659882, 0.027320112576206677, 192330000000, 
0.13467821878352348, -0.0063995595899273465, 0.027127631464008362, 192364000000, 
0.1337281107488591, -0.006366852557470511, 0.026936299736565524, 192398000000, 
0.132778028268798, -0.006333968382418269, 0.026745623853412035, 192432000000, 
0.1306862735179844, -0.010139457436249, 0.026479494169042765, 192500000000, 
0.12965819886134475, -0.010399431358177521, 0.026208166709875143, 192534000000, 
0.12863746361356285, -0.006829366348071834, 0.0259321290661928, 192568000000, 
0.12666497291069326, -0.009977419835504967, 0.02566404235904006, 192636000000, 
0.12571719403763312, -0.009734231919765746, 0.02540130870412595, 192670000000, 
0.12471810247458777, -0.006489568120351628, 0.025140017961527608, 192704000000, 
0.12274176093413434, -0.009918110344995928, 0.024878470496423683, 192772000000, 
0.12175723044097715, -0.009869573445368726, 0.024614472923313282, 192806000000, 
0.12077991332668772, -0.0065394920248220785, 0.02435192698011995, 192840000000, 
0.11899992589566226, -0.009191015151049642, 0.02410247131088848, 192908000000, 
0.11626342292474008, -0.015054968006492133, 0.023736217476472667, 193010000000, 
0.11453906705556595, -0.0148695294669877, 0.023320161058397886, 193078000000, 
0.11363036510008159, -0.008776859415528296, 0.02296219033869251, 193112000000, 
0.1119673979026881, -0.008572230509592826, 0.02267578867055571, 193180000000, 
0.11026396493878494, -0.011221333870988828, 0.02239078186277031, 193248000000, 
0.10857107881362871, -0.011321063630197978, 0.022053496110340118, 193316000000, 
0.10775407829481043, -0.008366288813248385, 0.021772608136481603, 193350000000, 
0.10705772865548725, -0.005044500527138183, 0.021558859050928424, 193384000000, 
0.10567657776290841, -0.006925001773006728, 0.021365892314213736, 193452000000, 
0.10499169216665687, -0.006886788296101287, 0.021181733239003502, 193486000000, 
0.10344226713207243, -0.007447702102786613, 0.020940702470775847, 193554000000, 
0.10267245990584534, -0.0077307742027050985, 0.02074042794697164, 193588000000, 
0.10196112585118677, -0.004937137602952178, 0.02053839019260697, 193622000000, 
0.10124988021212229, -0.004741932312410148, 0.020392231064610293, 193656000000, 
0.10055404153172655, -0.004690281064867417, 0.020251003173002373, 193690000000, 
