odom_x, odom_y, imu_ax, imu_ay, kf_ax, kf_ay, kf_vx, kf_w, kf_x, kf_y, stamp, 
-1.999941629348908, -0.5000009945916165, -0.088125491944932, -0.0035499746094550567, -0.058750327963287996, -1.0547478334378976e-13, 2.170953905109716e-06, -4.8584533782839227e-08, -1.999941629348908, -0.5000009945916165, 16230000000, 
-1.9999416446407807, -0.5000009945078657, -0.06365102724219247, 0.012078775619431839, -0.06181270364217932, 1.2547648477369482e-11, -0.00022332589720011072, -5.618537139974495e-08, -1.9999401106515717, -0.5000009945901189, 16240000000, 
-1.9999416477839076, -0.5000009946018343, -0.012400532749849813, -0.013407565291895827, -0.031221877922524042, -8.200311684298759e-10, -0.00045870664728924035, 1.7877028233096437e-06, -1.999937438728916, -0.5000009945874978, 16260000000, 
-1.9999416451855785, -0.5000009945969565, -0.04764153156118052, 0.015518689193808614, -0.04136711698532447, 2.275236227925618e-09, -0.0006062989944790664, -3.752663699995918e-06, -1.9999367856134, -0.5000009945865996, 16292000000, 
-1.999941637682997, -0.5000009945914243, -0.014565592314815773, -0.006060484020654746, -0.02480039054084714, -3.3397804124881626e-10, -0.00041697640368982755, 8.00951896302625e-07, -1.999938054516933, -0.500000994588083, 16307000000, 
-1.9999416212106054, -0.5000009945674462, -0.04588571967165687, 0.014728028035600272, -0.037818516954366097, 3.0591133445318366e-09, -0.0008668705364977167, -3.528916044247045e-06, -1.9999247736182197, -0.5000009945744794, 16369000000, 
-1.999941598819679, -0.5000009946126177, -0.05325196728637482, -0.014402483430876089, -0.047354207306600574, -3.272951607771284e-09, -0.0005174548760765344, 6.325095692570489e-06, -1.9999207158196703, -0.5000009945716138, 16380000000, 
-1.999941602075888, -0.5000009945646694, -0.06341954140087702, 0.011551657434868346, -0.05727265770822223, 1.3271971486790793e-09, -0.0010009065195656997, -1.3259951081695016e-06, -1.9999070022273526, -0.5000009945569688, 16421000000, 
-1.9999416044242102, -0.5000009946184021, -0.035731904351187005, -0.0062112105641253, -0.04394449234333789, -4.169304166271662e-09, -0.001263674879740947, 3.2993487748418076e-06, -1.9998998069823017, -0.5000009945527754, 16466000000, 
-1.9999416194846311, -0.5000009945149236, -0.03838424351030373, 0.03557040781645353, -0.04049211692155898, 3.3021909417762457e-08, -0.0012426963109374231, -2.6572791056933702e-05, -1.9999034856646956, -0.50000099453663, 16513000000, 
-1.9999416230538887, -0.5000009946279118, -0.058760922779856874, 0.04498072622795469, -0.05177483330094091, 4.247628075152759e-08, -0.0009493731854799061, -4.474139506063248e-05, -1.9999044698141086, -0.5000009945143394, 16540000000, 
-1.9999416208298837, -0.5000009946237011, -0.06003836476356885, -0.003461530054798263, -0.05687701233302322, 1.199849057156775e-08, -0.0007949136530377109, -1.5094080376801048e-05, -1.9999035283369788, -0.5000009945115171, 16561000000, 
-1.9999416137081156, -0.50000099461845, -0.050935451133559816, 0.015386689898917505, -0.0531944723200664, 1.4463467249118132e-08, -0.0010825135578265118, -1.3361003328363033e-05, -1.9998973419012513, -0.500000994506541, 16598000000, 
-1.9999415976144408, -0.5000009945947405, -0.07673140546847657, 0.011226013960093218, -0.06772051043598368, 1.9546813646864867e-08, -0.0015448192698172374, -1.2653139450530927e-05, -1.9998848011345163, -0.5000009945084548, 16648000000, 
-1.9999415833453036, -0.5000009946374426, -0.056685851474474844, -0.005053752350189687, -0.060891404113038505, 5.605276631621567e-11, -0.001201574767420742, -4.664942027414287e-08, -1.9998851297951605, -0.5000009944983816, 16673000000, 
-1.9999415913880105, -0.5000009945569269, -0.04646537265434392, -0.010747552764729898, -0.051970463964805286, -7.044904378477331e-09, -0.0008900536888363157, 7.915145419697166e-06, -1.999887549850873, -0.5000009944910585, 16693000000, 
-1.999941593901652, -0.5000009946500265, -0.06478258740937737, 0.010605483898875412, -0.05988287432684112, 2.466011924702116e-09, -0.0008665795175222754, -2.8456845273160145e-06, -1.9998880562625, -0.5000009944853773, 16718000000, 
-1.9999416093084403, -0.5000009945462914, -0.06541476713547878, -0.028214683777800963, -0.06327985637412215, -2.226153774740532e-08, -0.0015933719083011822, 1.3971338161183023e-05, -1.9998666322125644, -0.5000009945377439, 16772000000, 
-1.9999416132138956, -0.5000009946592131, -0.06003929620100283, 0.009038558427064098, -0.061264566272121325, 4.855196432896917e-09, -0.0013449035063878506, -3.610070469618323e-06, -1.9998682317563639, -0.5000009945296509, 16803000000, 
-1.999941611327296, -0.5000009946549353, -0.06319413559692026, 0.009224168289228155, -0.06243335828079087, 1.5776733403990204e-08, -0.0017372728331938479, -9.08132165687864e-06, -1.9998586205313422, -0.5000009945468609, 16855000000, 
-1.9999416045418557, -0.5000009946496188, -0.07322902465583042, 0.0012983451886323977, -0.06909915412841047, 5.22138516981487e-09, -0.0010658462649399381, -4.898816406800564e-06, -1.999856581850694, -0.5000009945482644, 16871000000, 
-1.9999415887833998, -0.5000009946258481, -0.10107371701634685, -0.02486543891711465, -0.08884197426433518, -2.4207001805386005e-08, -0.0016730258329290997, 1.4468994637700769e-05, -1.9998401050151067, -0.5000009945904647, 16914000000, 
-1.9999415671036147, -0.5000009946712015, -0.07109118300646605, 0.014059340407083688, -0.07785696383136088, 1.4749377744804135e-08, -0.0016289925916546538, -9.054293936243389e-06, -1.9998378899125557, -0.5000009945830587, 16945000000, 
-1.999941571066619, -0.5000009946234184, -0.07988573721034027, -0.004359368420432568, -0.07909413682215555, -1.4990208512912167e-09, -0.0016981652531201197, 8.827296687039111e-07, -1.9998370565791952, -0.5000009945925327, 16981000000, 
-1.999941574119272, -0.5000009946772793, -0.017651283488589575, -0.00832070874241431, -0.041109198658429595, -1.2216575778659061e-08, -0.001352338262003188, 9.033668662574794e-06, -1.9998452003217324, -0.5000009945790783, 17011000000, 
-1.999941589880391, -0.5000009945739297, -0.03202310373168287, 0.004831291234026275, -0.035487409319835156, 5.65713057883436e-10, -0.0008833694305188885, -6.40403706919242e-07, -1.9998546682268343, -0.5000009945569671, 17036000000, 
-1.9999415941477325, -0.5000009946870252, -0.055580108879610124, -0.00466434386400013, -0.04790154438679971, -1.4707594326044164e-09, -0.0006517556158965837, 2.256611829237827e-06, -1.9998571197522312, -0.5000009945541787, 17056000000, 
-1.9999415926184045, -0.5000009946829058, -0.039661475669132765, 0.010800573046362798, -0.04279874889626316, 3.3950956077858547e-09, -0.0009634055189369122, -3.5240566314507276e-06, -1.9998507856374081, -0.5000009945652327, 17097000000, 
-1.9999415861883743, -0.5000009946777336, -0.05135697785753873, 0.014693867105155071, -0.04807051321445674, 1.2760980523306017e-08, -0.0012595375599520023, -1.0131480734716878e-05, -1.999844056634639, -0.5000009945746202, 17149000000, 
-1.9999415707835302, -0.5000009946540901, -0.06312515186024968, 0.023333484279412373, -0.05735939647195667, 2.8653481774202735e-08, -0.0012981326898152921, -2.2072845094348377e-05, -1.9998403036119092, -0.5000009945655518, 17190000000, 
-1.9999415494563326, -0.5000009946995724, -0.03389138322895889, -0.002994910997253954, -0.04284087765841156, 7.836046390278864e-09, -0.0012905216938065983, -6.071998965910603e-06, -1.9998397996946564, -0.5000009945634355, 17231000000, 
-1.9999415537689016, -0.5000009946519136, -0.07870034166763519, -0.005346128159766747, -0.06499453869850397, -1.97811149179585e-09, -0.0010428719258399992, 1.8967923507985375e-06, -1.999839697714668, -0.5000009945520222, 17258000000, 
-1.9999415571701642, -0.5000009947058732, -0.0255878102015663, -0.005066931698684064, -0.04063672724538653, -2.7566776289921797e-09, -0.0006972029434757665, 3.953909912154576e-06, -1.9998412998202186, -0.5000009945455054, 17273000000, 
-1.9999415732776578, -0.5000009946026203, -0.050793188159056264, 0.015023611858250158, -0.046898698940712774, 5.712304426589081e-09, -0.0011387384946101424, -5.016344361437207e-06, -1.9998315559456177, -0.5000009945741964, 17326000000, 
-1.9999415778903162, -0.5000009947158094, -0.04808310976364773, -0.004686922408840874, -0.04760564938893883, -2.049509626627685e-09, -0.0015327404465596646, 1.3371537439544589e-06, -1.9998191580885847, -0.5000009946208905, 17387000000, 
-1.9999415767042075, -0.5000009947117735, -0.042048882094622736, 0.01891302737353418, -0.04416645561013669, 1.4706478742911286e-08, -0.00084322130579352, -1.744082916533002e-05, -1.9998174601443857, -0.500000994613918, 17402000000, 
-1.9999415706158123, -0.5000009947066762, -0.05238848450985844, 0.01172966002916128, -0.04924412340794149, 8.637239258061412e-09, -0.0006742005921606842, -1.2811082278021603e-05, -1.9998179480190375, -0.5000009946103243, 17422000000, 
-1.9999415555510465, -0.5000009946831007, -0.0672573374366602, -0.009519571590165764, -0.060366224208994915, 1.0213748335546596e-09, -0.0010571367433334026, -9.661709707809632e-07, -1.9998090308868546, -0.5000009946458096, 17461000000, 
-1.9999415345625138, -0.5000009947286456, -0.06086193054911049, -0.002773143139260695, -0.06066320928854746, -1.5332186399013036e-09, -0.0010959413449373094, 1.3989969873698009e-06, -1.9998065009276194, -0.500000994652462, 17491000000, 
-1.9999415392120832, -0.5000009946810485, -0.05618292124213479, 0.0012117354821746195, -0.05787397073537272, 5.190134780662189e-10, -0.0015523224229329986, -3.343464414342358e-07, -1.9997946134666664, -0.5000009947013703, 17541000000, 
-1.9999415429490184, -0.5000009947350496, -0.0603251151217544, 0.015049248143779358, -0.05937483828998057, 2.0050091753126984e-08, -0.0013730875284559381, -1.4602194934851442e-05, -1.999796615305225, -0.5000009946814756, 17576000000, 
-1.9999415593906904, -0.500000994631839, -0.058104018908152213, 0.039526201459016336, -0.0585865574255593, 2.933875420108698e-08, -0.0007489519943255517, -3.9173077077533117e-05, -1.9997948977164441, -0.5000009946756748, 17586000000, 
-1.999941564336196, -0.5000009947450648, -0.07264538160175449, -0.03859250908954177, -0.06726966749422783, -2.507839535413963e-09, -0.0008782719724799374, 2.855424759067158e-06, -1.999792841299031, -0.500000994691516, 17611000000, 
-1.9999415634815023, -0.5000009947410596, -0.07567557532861566, 0.020385525764071506, -0.07244212117769548, 1.712542344640141e-08, -0.0017107876794157004, -1.001025647568984e-05, -1.999768296305261, -0.5000009948139646, 17663000000, 
-1.9999415577231867, -0.5000009947359882, -0.057460055202054536, -0.01913936780223175, -0.06314804365321014, -3.5870484584598805e-08, -0.0021903799351575444, 1.6376375627280752e-05, -1.9997540978462411, -0.5000009949145492, 17722000000, 
-1.999941542987191, -0.5000009947124333, -0.08394769386647595, -1.8193637650260617e-05, -0.07599532024692493, -7.751917421694745e-09, -0.0012422119526961232, 6.240414451712381e-06, -1.9997491451922467, -0.5000009949374792, 17737000000, 
-1.99994152231777, -0.5000009946417413, -0.07481629791788573, 0.0042400626933190196, -0.07526419362227361, 7.005454713106994e-10, -0.0007620564799209945, -9.192828743918401e-07, -1.9997483828529379, -0.5000009949402209, 17747000000, 
-1.9999415138421321, -0.5000009947539403, -0.06799155725998589, -0.032033547420418994, -0.07074558026571764, -2.6498843555361246e-08, -0.0018032921258951881, 1.4694703744800484e-05, -1.9997172529921845, -0.5000009951154392, 17801000000, 
-1.9999415088502384, -0.5000009947562799, -0.0533338631078613, -0.01280445653593293, -0.059970584379901076, -2.953090155102346e-08, -0.0014882712688903143, 1.984241862912687e-05, -1.9997229636376337, -0.5000009950973204, 17833000000, 
-1.9999415302412453, -0.5000009946558441, -0.08081196969395199, 0.010083933806677135, -0.07283831580605143, 2.443405769521212e-09, -0.0013961196164093315, -1.7501407048526308e-06, -1.9997246869746041, -0.5000009950900488, 17866000000, 
-1.9999415355606749, -0.500000994769793, -0.02312894584037234, -0.028197688719581625, -0.042099771705003855, -3.5106996346373137e-08, -0.0014865527670240245, 2.361638088142334e-05, -1.9997251118309196, -0.5000009951138981, 17908000000, 
-1.999941535081969, -0.5000009947661728, -0.048564703066701985, -0.012443645148763166, -0.04608917894565978, -1.877627793086853e-08, -0.0009195969112684775, 2.041794366726268e-05, -1.999730485736109, -0.5000009951017967, 17929000000, 
-1.9999415296973801, -0.5000009947614595, -0.0667358753690328, 0.020456016962605836, -0.05883853823704685, 4.231140279130117e-09, -0.0010950750904982383, -3.863790086947398e-06, -1.9997278982827116, -0.5000009951101553, 17967000000, 
-1.9999415153324633, -0.5000009947382408, -0.05496551536688125, -0.00022032570271321905, -0.056432829212967904, 1.653077435603907e-09, -0.0012097441520587692, -1.3664686312313753e-06, -1.9997244915543162, -0.5000009951298259, 18003000000, 
-1.9999415027853689, -0.5000009947813918, -0.05148228275663787, 0.007572048910886014, -0.053365598153366264, 6.26048860480473e-09, -0.0010061672227781216, -6.22211543277959e-06, -1.9997261971041709, -0.5000009951236077, 18029000000, 
-1.9999415063806716, -0.5000009947387263, -0.044543961626979864, 0.030189996526492492, -0.04790875615400178, 1.6753595928102734e-08, -0.0007903485415390662, -2.1197731187658073e-05, -1.9997282186160754, -0.5000009951114894, 18050000000, 
-1.9999415108106984, -0.5000009947928069, -0.043545850944825534, 0.009857179771084188, -0.045207258405330956, 9.653406999240044e-09, -0.0007455655659730823, -1.2947764006027832e-05, -1.9997294744832492, -0.5000009951061911, 18075000000, 
-1.9999415279347827, -0.5000009946897501, -0.0770598200651991, 0.003098285147629774, -0.06487863782941519, 7.853435507936637e-09, -0.0012219774637796277, -6.426825158989127e-06, -1.9997180597966446, -0.500000995147238, 18121000000, 
-1.9999415335586037, -0.5000009948031067, -0.06824854438562156, -0.025799855323446644, -0.06694424779435261, -2.5404485664058087e-08, -0.0014957776723983794, 1.6984132156033386e-05, -1.9997085974110294, -0.5000009951899959, 18162000000, 
-1.9999415333797004, -0.5000009947992266, -0.036301629293895424, 0.01764411774612368, -0.04798883898314597, 1.4854245694988515e-08, -0.001506658136680257, -9.859068446487859e-06, -1.9997089806924473, -0.5000009951694875, 18204000000, 
-1.9999415282941602, -0.500000994794272, -0.07919818336280773, 0.00115715647731221, -0.06722998226696768, 1.1131386602781105e-08, -0.0022810408477654193, -4.879959345614423e-06, -1.9996826753377572, -0.5000009952880909, 18284000000, 
-1.999941514227956, -0.5000009947708196, -0.08376437313396998, 0.026649340249236823, -0.07743119513040904, 6.718622407363498e-08, -0.0017020913623582187, -3.947274838440494e-05, -1.9996757333574469, -0.500000995239103, 18314000000, 
-1.9999414942254816, -0.5000009947002123, -0.031234034841526388, -0.00956380348379017, -0.04887441413210715, 5.3410028871178785e-09, -0.001054609247659649, -5.064437751679534e-06, -1.9996792357554294, -0.5000009952330282, 18331000000, 
-1.9999414864138751, -0.5000009948124882, -0.02432360281365843, 0.01629563113128013, -0.03369457202386281, 1.0958827346036403e-08, -0.0008699595594456515, -1.2596938819799276e-05, -1.9996857304955649, -0.500000995184097, 18360000000, 
-1.999941482083363, -0.5000009948148941, -0.018007143084627905, 8.19172591722166e-05, -0.02399659194673879, 2.53917379969133e-09, -0.0005185441026366528, -4.896736433372468e-06, -1.9996897593066059, -0.5000009951589205, 18377000000, 
-1.9999414994508582, -0.5000009948017322, -0.026618155119453746, 0.01574511156575193, -0.02561339560486953, 3.2068126030949976e-09, -0.00046046613623416325, -6.964274570376268e-06, -1.9996924918074885, -0.5000009951396596, 18405000000, 
-1.9999415041714794, -0.500000994826813, -0.06550681001924567, -0.0048779114217862105, -0.05026390495067361, 7.807555849030735e-10, -0.0005926197407798142, -1.3174646930858157e-06, -1.9996896610863004, -0.5000009951562567, 18435000000, 
-1.9999415043827216, -0.5000009948232267, -0.05242791983035587, 0.007837774266204956, -0.051591523109924285, 3.2796401048823853e-09, -0.000961788520662081, -3.4099389152874576e-06, -1.9996791161300376, -0.5000009952227601, 18473000000, 
-1.9999414996996623, -0.5000009948187079, -0.05212465313421075, 0.009038675202693653, -0.051909309944619064, 7.48431956441783e-09, -0.001115074122639093, -6.711948033288024e-06, -1.9996747126512446, -0.500000995248456, 18511000000, 
-1.999941486033901, -0.5000009947956366, -0.042670320613811916, 0.021603066939238413, -0.046185919691229434, 2.0926581934376323e-08, -0.0011964161435757516, -1.749105614024285e-05, -1.9996731462728123, -0.5000009952491828, 18552000000, 
-1.9999414664397637, -0.5000009948416642, -0.063347322711134, -0.0024276179497842087, -0.05678421675566176, 4.854293457049822e-09, -0.0009846407124667208, -4.93001497458789e-06, -1.99967391507496, -0.5000009952397356, 18579000000, 
-1.999941472473059, -0.5000009947945311, -0.058496208810810024, 0.006862163536812789, -0.05783647171255597, 5.359479530138386e-09, -0.0008775555032088738, -6.107282685301256e-06, -1.999673368452908, -0.5000009952378259, 18602000000, 
-1.9999414775895386, -0.5000009948489127, -0.015455326796870783, 0.0003911663331609323, -0.03163764209928609, 2.091759545773462e-09, -0.0008102632320057806, -2.5815802360862143e-06, -1.9996755236422052, -0.500000995220108, 18629000000, 
-1.9999414954025247, -0.5000009947460791, -0.049441115250651736, -0.01797352400018527, -0.042634513093836285, -5.8931712405937606e-09, -0.0007402325766165776, 7.961242759039339e-06, -1.9996789069240595, -0.5000009951941505, 18660000000, 
-1.9999415017147952, -0.5000009948596572, -0.09828598037520805, 0.03930994012453956, -0.07701535945773727, 1.801466381614149e-08, -0.0012018910179940792, -1.4988600086393387e-05, -1.9996661584576905, -0.5000009952857419, 18702000000, 
-1.9999415022191662, -0.5000009948559708, -0.04650342597685721, 0.004837726914779912, -0.05813513293041615, 1.6310291426177155e-08, -0.0017435759184396757, -9.354506020462371e-06, -1.999646549584084, -0.5000009954409479, 18751000000, 
-1.9999414978138186, -0.5000009948511904, -0.06816108655118581, -0.0067247886926226795, -0.06432112261141344, -4.622092608043617e-09, -0.0012709713144631305, 3.6366616267779656e-06, -1.9996494558948148, -0.5000009954111493, 18777000000, 
-1.9999414844247831, -0.5000009948279003, -0.05908765482995999, 0.010469424617716768, -0.06108022688843357, 6.947290740761482e-09, -0.0010106091594993237, -6.8743595636945456e-06, -1.9996509330408623, -0.5000009953896565, 18799000000, 
-1.9999414607968298, -0.5000009947766324, -0.06727395051790024, -0.015623716781411494, -0.06488798347236252, -1.1200961936724932e-08, -0.0015796921099500098, 7.090598140089079e-06, -1.9996367651340143, -0.5000009955145451, 18849000000, 
-1.9999414404640625, -0.5000009948651031, -0.03163080365383471, 0.001572799056404802, -0.044322702784667184, -1.4297178630172977e-09, -0.0012518026846703003, 1.1421271742949302e-06, -1.9996424663957655, -0.5000009954610558, 18880000000, 
-1.9999414403950964, -0.5000009948293865, -0.05874747118397329, 0.0015133731437383209, -0.053230797957265694, 7.437084416368066e-10, -0.0009407414350993523, -7.905556339806198e-07, -1.9996464504174858, -0.5000009954271009, 18905000000, 
-1.9999414544261707, -0.5000009948554147, -0.09220256347740304, 0.008212426974368034, -0.07729769918885052, 7.777096184440582e-09, -0.0015173237118700712, -5.125535258956354e-06, -1.9996303548162417, -0.5000009955621924, 18953000000, 
-1.9999414598550473, -0.5000009948797007, -0.037537422611956237, 0.02083312692220027, -0.05271461241581493, 2.6955030579251923e-08, -0.001251376895416286, -2.154029747391572e-05, -1.9996317532915013, -0.50000099553816, 18980000000, 
-1.9999414874136636, -0.5000009948375497, -0.014954012081243848, -0.0354670097923063, -0.029365442405788325, -2.1596105896313093e-08, -0.0011275090001938112, 1.9153821293311955e-05, -1.999639871572359, -0.5000009954824043, 19020000000, 
-1.9999414971322047, -0.5000009947802153, -0.024371891594965046, 0.01901400181602681, -0.026271095059220984, 4.868646921017855e-09, -0.0008136318453956439, -5.9838450873937746e-06, -1.9996507770555547, -0.5000009953679327, 19056000000, 
-1.9999414960614414, -0.5000009948536486, -0.021100119202239795, 0.033028871801285165, -0.023066363773800655, 1.3970397496396917e-08, -0.000737428746458499, -1.8944742205249985e-05, -1.9996565218476017, -0.5000009953105864, 19101000000, 
-1.9999414863834353, -0.5000009948985352, -0.06247825663263204, 0.006899025520351713, -0.04742028639407363, 5.768721200717918e-09, -0.0005536944481094786, -1.0418600403913215e-05, -1.9996542063601874, -0.5000009953289336, 19121000000, 
-1.9999414721942383, -0.5000009948919741, -0.06240074131114149, 0.03058874527527175, -0.05667151146282197, 1.2114304864890036e-08, -0.0008367621412284513, -1.4477596760179677e-05, -1.9996460584010574, -0.5000009954018275, 19153000000, 
-1.9999414516211613, -0.5000009948757718, -0.04177054195126477, 0.025432879145351073, -0.047448241353864704, 2.251283697672871e-08, -0.0012026986607796856, -1.8718601517469128e-05, -1.999635758247528, -0.5000009954969665, 19197000000, 
-1.9999414281400387, -0.5000009948573292, -0.0635667811381732, -0.000791252215982013, -0.05740185689588656, 6.594094025915386e-09, -0.0009973536476750571, -6.611590624135137e-06, -1.9996364965684372, -0.5000009954794102, 19224000000, 
-1.9999414245549483, -0.5000009948765085, -0.050683861905419514, -0.04388445732754279, -0.05324609106029101, -1.8068655823181933e-08, -0.0007381066944971292, 2.4479734377009108e-05, -1.999636882208987, -0.5000009954783035, 19241000000, 
-1.999941421452846, -0.5000009949078087, -0.043548959590837155, -0.006402649315720955, -0.04723667395936881, -1.552382368503444e-08, -0.0012690238137957038, 1.2232886031194346e-05, -1.9996233347162626, -0.5000009956210361, 19292000000, 
-1.9999414402702844, -0.5000009947981924, -0.05427340201292603, 0.005588436311722178, -0.05156238711750352, -3.6598097017693325e-10, -0.001533262260920922, 2.386943052763292e-07, -1.9996179656996071, -0.5000009956870478, 19348000000, 
-1.999941456324056, -0.5000009949279846, -0.06046084918384722, -0.0020707962536102055, -0.05704756769377207, -2.671040378768542e-09, -0.0013280611327374328, 2.0112330019499378e-06, -1.9996179721759715, -0.500000995704674, 19384000000, 
-1.9999414692910962, -0.5000009948940415, -0.06748393782076169, -0.006918089649685861, -0.0634851734381132, -8.218913052132325e-09, -0.0012839315297425878, 6.401363983778881e-06, -1.9996155789788177, -0.5000009957383026, 19418000000, 
-1.9999414718556427, -0.500000994850988, -0.07825908113241983, -0.0003610618822162136, -0.072612738511705, -2.0894290870450753e-09, -0.000778048353179257, 2.6854745961575025e-06, -1.999612793071034, -0.5000009957667546, 19429000000, 
-1.9999414638750073, -0.5000009948491003, -0.06312048005356874, 0.029548871034904257, -0.06674333508157142, 9.222723877427401e-09, -0.0006970373481599618, -1.3231319529396144e-05, -1.999612606818224, -0.5000009957660868, 19444000000, 
-1.9999414454440427, -0.5000009949350789, -0.022320626964525473, -0.0033915071703718557, -0.03927437947700693, 4.515551145035688e-09, -0.001242606752380966, -3.6339341761851965e-06, -1.9996006537781212, -0.500000995880957, 19490000000, 
-1.9999414213925146, -0.5000009949232872, -0.03604062647401732, -0.0014094672910514826, -0.03726403059054004, 3.567928978285256e-10, -0.0010578473598167302, -3.372820232687816e-07, -1.9996098554718136, -0.5000009957860371, 19530000000, 
-1.9999414086968323, -0.5000009948606259, -0.10224907906245528, 0.016574186521574514, -0.07742234312276514, 8.412660787240651e-09, -0.0007640730341556595, -1.1010283587009559e-05, -1.9996060192993195, -0.5000009958168802, 19546000000, 
-1.9999413997408673, -0.500000994937294, -0.06149652034153645, -0.009972920144868485, -0.06755441564619646, -8.503803335072929e-10, -0.0018305485572160203, 4.6454945439993634e-07, -1.9995683337996937, -0.5000009961973537, 19601000000, 
-1.9999414038722778, -0.5000009949529306, -0.06667401866096619, -0.02410017218481462, -0.06700388819738712, -3.039334158148063e-08, -0.0011095310879129649, 2.7392960785488852e-05, -1.9995683248243405, -0.500000996202749, 19617000000, 
-1.9999414219724667, -0.5000009949136992, -0.08789893064675021, 0.009162196256073557, -0.07990966118455864, -4.7247998337575915e-09, -0.0011426162127540962, 4.135071584858057e-06, -1.9995667794424816, -0.5000009962125861, 19643000000, 
-1.9999414370664532, -0.5000009949643565, -0.05928102639809388, 0.036216334098728625, -0.0671306908598041, 4.950583256131668e-08, -0.002059380476448348, -2.4039187089262642e-05, -1.9995381764804352, -0.50000099648115, 19700000000, 
-1.9999414492220593, -0.5000009949564512, -0.05780264265506126, 0.008369577668867726, -0.06132887136455203, 4.495946049328328e-08, -0.0022626457036630985, -1.9870305112504534e-05, -1.9995381461699038, -0.5000009964701869, 19760000000, 
-1.9999414548800554, -0.5000009949486767, -0.07983072770762323, -0.014472095979526055, -0.07275797851215002, -1.4236064663580291e-08, -0.0011291787857502457, 1.2607449629087397e-05, -1.9995285911497467, -0.5000009965708241, 19770000000, 
-1.9999414502504191, -0.500000994916657, -0.04317615966325616, 0.01093273285136534, -0.0544685778734173, 2.997909022039755e-09, -0.001049344455464069, -2.8569351145177013e-06, -1.9995307835455152, -0.5000009965322197, 19795000000, 
-1.9999414353393978, -0.5000009948535592, -0.04985408262296541, 0.009734792441531295, -0.05160501185566507, 8.731378216686222e-09, -0.0011719471098767646, -7.450317632170589e-06, -1.9995315387042074, -0.5000009965192347, 19833000000, 
-1.9999414096935442, -0.5000009949192169, -0.033591529970407, -0.038506603858981484, -0.040463807377208075, -2.4463651032263023e-08, -0.000978629894814893, 2.499785788466058e-05, -1.9995361281607456, -0.5000009964789656, 19863000000, 
-1.9999413859798356, -0.5000009949755018, -0.08144391777427878, 0.005191812695025601, -0.06577781808098908, -7.488568705252943e-09, -0.0011746575643870841, 6.375107888706567e-06, -1.9995326670175047, -0.5000009965121156, 19904000000, 
-1.9999413725212218, -0.5000009949755557, -0.055121055786841795, -0.013186778201800736, -0.05918293340132133, -1.3081697862019083e-08, -0.0010935563565765145, 1.1962527384480323e-05, -1.9995306581475776, -0.5000009965456198, 19931000000, 
-1.9999413802635764, -0.5000009949299353, -0.1013926802116277, 0.010014392942054584, -0.08526159289861882, 2.5204812381498332e-09, -0.0011212798006929711, -2.247861092826367e-06, -1.99952731109031, -0.5000009965831397, 19957000000, 
-1.9999413871104006, -0.50000099498524, -0.0750421840090104, 6.883468602775851e-05, -0.07892566139679114, 1.6790010799605831e-09, -0.0017816636362177744, -9.42378261434841e-07, -1.9995089284846683, -0.5000009967719953, 20000000000, 
-1.9999414126619206, -0.50000099490969, -0.056192102215924515, 0.02079166424841796, -0.06485803360773088, 3.973160623372742e-08, -0.001704588933155722, -2.3308614447104214e-05, -1.999511496122347, -0.5000009967297663, 20037000000, 
-1.999941420591313, -0.5000009949996845, -0.05398042832971715, -0.00630976623329086, -0.05811975403338026, 3.5069829728901732e-09, -0.0015236254049909304, -2.3017356900209005e-06, -1.9995180692665466, -0.500000996666813, 20074000000, 
-1.9999414227496852, -0.5000009949963149, -0.04957042532123015, 0.012223447403797365, -0.052826936355259424, 1.432901020727041e-08, -0.0011532478902191402, -1.2424917772490016e-05, -1.999523668890498, -0.5000009965895229, 20101000000, 
-1.9999414199841499, -0.5000009949921033, -0.06520174078727843, 0.0014353626965975031, -0.06046724154450059, 5.909862823085503e-09, -0.0010178536477693776, -5.806200956332912e-06, -1.99952558528276, -0.5000009965645729, 20128000000, 
-1.9999414082272426, -0.5000009949693466, -0.03351413764848895, -0.011130131549462498, -0.04379670760093305, -5.698038747013853e-09, -0.0012012204357859189, 4.743541299549915e-06, -1.9995231621361416, -0.5000009965920834, 20168000000, 
-1.999941386224011, -0.5000009949185653, -0.06718470795695232, -0.01260366628330533, -0.058244103325886656, -1.0473511667205887e-08, -0.000941304482114392, 1.1126592793524054e-05, -1.999525458153312, -0.5000009965665202, 20193000000, 
-1.9999413569148101, -0.5000009950031022, -0.04713814291131063, -0.008057987956935292, -0.05135683194621112, -1.4102059680383035e-08, -0.001583910928155898, 8.903316108060229e-06, -1.9995052404694007, -0.500000996794, 20251000000, 
-1.9999413558123114, -0.5000009948950741, -0.07778361268299218, -0.01660811531702178, -0.06767674648749053, -2.5631192690320048e-08, -0.00130719286669835, 1.9607812544952286e-05, -1.9995051622331779, -0.5000009968189174, 20282000000, 
-1.999941358058999, -0.500000995008458, -0.05456800722205323, -0.02957181535111546, -0.059569167885303635, -3.082264821334626e-08, -0.0009835813686338668, 3.133716151634409e-05, -1.9995055640598005, -0.5000009968314945, 20302000000, 
-1.9999413678597309, -0.5000009950247113, -0.03886079569935218, -0.006815880085228717, -0.046763601035853065, -1.5304619430049905e-08, -0.0009525816643393816, 1.6066464433433858e-05, -1.999507172248131, -0.5000009968193018, 20330000000, 
-1.9999413909747843, -0.5000009950062556, -0.0549362445571629, 0.0028611593848791865, -0.05179725995888952, -5.7848164849880165e-09, -0.0013135058559481183, 4.404104069115402e-06, -1.9995006533844868, -0.5000009968858937, 20381000000, 
-1.9999414025474544, -0.5000009949167056, -0.07380104217845483, -0.012305369503165704, -0.06538781835152381, -1.2325577878379107e-08, -0.0010606687368132522, 1.1620572428118265e-05, -1.999499500309814, -0.5000009969138631, 20406000000, 
-1.999941403186568, -0.5000009949912854, -0.05312237008040612, -0.01165344882736682, -0.05779250312413444, -1.6563810281319045e-08, -0.001377238914786534, 1.2026824179511629e-05, -1.999491463568972, -0.5000009969890078, 20447000000, 
-1.999941395209847, -0.5000009950370231, -0.05484202450100137, -0.031695975512950975, -0.05596706424034045, -2.0610522224573073e-08, -0.0006535816702161368, 3.15347311037001e-05, -1.999488078651763, -0.5000009970262898, 20453000000, 
-1.9999413827111223, -0.5000009950312558, -0.0820986879289122, -0.005310757264335785, -0.07209420816833617, -2.3033001697160667e-08, -0.0016266687408458998, 1.4159614135809269e-05, -1.999456279327969, -0.5000009972646072, 20511000000, 
-1.999941363820255, -0.5000009950158008, -0.05510523471431615, 0.000491749144540272, -0.061575670051950956, -8.02124121442542e-09, -0.0016445325738341063, 4.877520422550517e-06, -1.9994537771075374, -0.5000009973104108, 20551000000, 
-1.9999413420139749, -0.5000009949980588, -0.06669395786978674, 0.017835510951214353, -0.06473136770823805, 1.850097909130445e-08, -0.0011340096948370911, -1.6314656898909715e-05, -1.9994556047438043, -0.5000009973040648, 20572000000, 
-1.9999413400939547, -0.5000009950179162, -0.06161636287844484, -0.011281607755684755, -0.06278907621978627, -2.452514650004811e-09, -0.00150480237627165, 1.6297918508616696e-06, -1.999447980281081, -0.5000009973629896, 20616000000, 
-1.9999413386501064, -0.500000995049801, -0.05480746135452812, 0.0006139151678297039, -0.05784881367163639, -1.4005496065806118e-11, -0.001079180966130775, 1.2977893889308025e-08, -1.9994508087501928, -0.5000009973410459, 20638000000, 
-1.9999413591163069, -0.5000009949407488, -0.04735269687852393, -0.01009257620992996, -0.051350785096855416, -7.809189054132418e-09, -0.0011681276087819165, 6.685219145086018e-06, -1.9994510685370308, -0.5000009973411159, 20674000000, 
-1.999941376812704, -0.5000009950710678, -0.08288665926120431, -0.01273387496265077, -0.07083690551206183, -9.33257010802584e-09, -0.0007973737259896901, 1.1704135468524966e-05, -1.9994502546062225, -0.5000009973487388, 20689000000, 
-1.9999413914137407, -0.5000009950376089, -0.06691100896599828, -0.023693699547302445, -0.06838221962837805, -3.0633506634045444e-08, -0.0019025230916463894, 1.6101516332995505e-05, -1.9994114447924176, -0.5000009975816746, 20749000000, 
-1.999941395604892, -0.5000009949949995, -0.04480403706855112, 0.0034678417812681467, -0.05379605448958802, -2.9842066344719945e-09, -0.0014727966862601405, 2.0262176458651354e-06, -1.9994180763737306, -0.500000997557314, 20781000000, 
-1.9999413892437035, -0.500000994993518, -0.08310944820241442, -0.020455440497745916, -0.07190066955971526, -2.5517009421262028e-08, -0.0013190667257729604, 1.9344744979681985e-05, -1.9994198896443405, -0.5000009975739905, 20813000000, 
-1.9999413724250548, -0.5000009950798665, -0.06096686480082048, 0.04066400638618053, -0.06513188095031702, 3.398325775011383e-08, -0.001317042557168368, -2.5802702855082825e-05, -1.9994184821747691, -0.5000009975640323, 20844000000, 
-1.999941349978513, -0.5000009950684077, -0.0435206040295829, -0.01382244526222737, -0.05175672249452874, -2.104906740626365e-09, -0.0015438234116595478, 1.3634375050470801e-06, -1.9994157443982628, -0.5000009975947969, 20890000000, 
-1.999941332778722, -0.500000995070292, -0.08799996913118058, 0.003986118155824385, -0.07414113188184186, 4.784980866377802e-09, -0.0014405067891536537, -3.32173433850259e-06, -1.9994166181913915, -0.5000009975740771, 20926000000, 
-1.999936200739157, -0.5000010039366924, -0.06294384629416024, 0.0030293303046492375, -0.03149321872685401, 7.061018475679847e-09, -0.0017623441707259602, -4.006605856545723e-06, -1.9890245641505095, -0.5000010517212878, 106617000000, 
-1.999936197877803, -0.5000010039057207, -0.057450042886944164, -0.024508675536000304, -0.04706323287957402, -2.0124632794438026e-08, -0.0008011052442892827, 2.5121084823620166e-05, -1.98581988107956, -0.5000010861746077, 106633000000, 
-1.999936184725463, -0.5000010038435273, -0.04062735549698571, -0.03996634089643109, -0.0430979826807401, -2.1268416580835852e-08, -0.0007249659764679845, 2.9337123770214744e-05, -1.9861268455385104, -0.5000010878447126, 106658000000, 
-1.9999361607239856, -0.5000010039669945, -0.18150612364220783, -0.028252210653294956, -0.1285541636916602, -4.889767468472901e-08, -0.0020527623703281784, 2.3820426266344534e-05, -1.9835684592660776, -0.5000010986989424, 106718000000, 
-1.9999361624446976, -0.5000010039259476, 4.963898982253136, 0.026614601285047994, 3.018367347354561, -1.8703677693050774e-07, 0.0075681241008779794, -2.471375659772936e-05, -2.0194277496319613, -0.5000009289735855, 106728000000, 
-1.9999361632112087, -0.5000010039791865, -0.11742938771435554, 0.015329588599752728, 1.0803357034726713, 7.260897687693838e-07, 0.011669755171130933, 6.221979451339401e-05, -2.0111129371118412, -0.5000009755460767, 106739000000, 
-1.9987814962723134, -0.5000010055794853, -0.017291592374282155, -0.01033161385400787, 0.4019834062824863, -1.0434173103501507e-06, 0.03000260995389278, -3.4777551418148185e-05, -2.0097512087527414, -0.5000009695090478, 106754000000, 
-1.9966089580252184, -0.5000003310329214, 3.4131804943568627, 0.005485253920857205, 2.2630250578261926, 0.002014960023526265, 0.05563213044075188, 0.03621935754684415, -2.0105451878953438, -0.5000003163317441, 106764000000, 
-1.993871943371813, -0.49999136945850076, -0.06792941540190779, 0.028849469618222413, 0.8223869587852237, 0.018542479867459917, 0.08558517495685714, 0.2166552779357762, -2.009023288394434, -0.4999930085081161, 106787000000, 
-1.9905850189772476, -0.4999443708746549, -0.06696468263716174, 0.0525037882775545, 0.27270851771764437, 0.04705087065942282, 0.10147435119851596, 0.4636725448717225, -2.006007357128681, -0.4999607903025732, 106823000000, 
-1.9872274357968882, -0.49982970665988197, -0.037264807536365026, 0.05187294080199627, 0.08108586648852609, 0.05307869792965755, 0.1024686034498474, 0.5179996227394333, -2.001818917151497, -0.4998692886535812, 106866000000, 
-1.9838636906840819, -0.49965129441669726, -0.05106332076414665, 0.044529399656240205, -0.0006116640500361814, 0.04615812119628559, 0.10072284017581842, 0.4582686619610161, -1.9979729643609112, -0.4997098004877975, 106904000000, 
-1.9805007425118304, -0.49942241389041053, -0.07745998431047757, 0.03418436505205234, -0.04812567232794829, 0.04583905143664437, 0.09597917429756422, 0.4775937256402057, -1.9954351929168055, -0.4995541178016623, 106930000000, 
-1.9771469122779033, -0.4991383626414592, -0.06351076998288303, 0.06619540370716624, -0.057617978541490686, 0.05262615019896937, 0.10115599524677776, 0.5202474660111234, -1.9941484145846935, -0.4994595235104303, 106943000000, 
-1.9737981675504987, -0.49879347847470146, -0.0534260253959396, 0.029275088870902636, -0.05503597643254997, 0.047281553846510845, 0.09401968628150696, 0.5028899341882914, -1.993576979223395, -0.49941377166015916, 106949000000, 
-1.9704525770544177, -0.498391391851009, -0.04639138248014716, 0.05563292290749852, -0.04966644322298903, 0.04805199457642815, 0.09866418591211562, 0.4870257037262751, -1.9908773378409177, -0.4991907312223921, 106977000000, 
-1.9671144600828885, -0.4979347067997794, -0.041223534892530216, 0.03682721157513791, -0.044461015766421155, 0.047396863988986536, 0.09480095903376162, 0.4999618619059224, -1.9870884657869674, -0.49882361413836973, 107016000000, 
-1.9637856259015698, -0.49742111290578445, -0.0544687421645275, 0.0375373699042506, -0.050645783071393745, 0.04741869175190134, 0.09373374488911611, 0.5058870933621191, -1.9849251011837878, -0.49857197740571596, 107039000000, 
-1.9604650214232406, -0.4968499827527062, -0.03345379817820096, 0.08146886968418579, -0.03994365682876553, 0.05241354098923601, 0.10501300642156804, 0.49911475516494763, -1.9814514713566518, -0.49812895981182825, 107074000000, 
-1.9571535805593243, -0.49622304310155463, -0.05717044450338292, 0.03751773754432687, -0.05064116766772872, 0.048197188904001986, 0.09707584135316265, 0.4964900456402973, -1.975972256577113, -0.49732897177418434, 107128000000, 
-1.9538533187655007, -0.49554055132966457, -0.0765259626870965, 0.034336123205528334, -0.06664668167800529, 0.0470829426668398, 0.09398179903623329, 0.5009793720663687, -1.9738983134093269, -0.49696851679094595, 107150000000, 
-1.9505654884990693, -0.49480200215556003, -0.0615062318945083, 0.04995449957463604, -0.0634452521202492, 0.04833232662303465, 0.09649310752400701, 0.5008889014275947, -1.9709611149419055, -0.49642635605831914, 107181000000, 
-1.9472903106364694, -0.49400755817327535, -0.031225158287686468, 0.04797232839559586, -0.04351505317695943, 0.048415273262135516, 0.09716438888118656, 0.49828207452977574, -1.9674106515058918, -0.495713425289128, 107218000000, 
-1.9440298267410083, -0.4931583484022448, -0.15864008304316274, 0.004928615228134636, -0.11471281708261122, 0.042804355411839266, 0.08609319587385135, 0.49718627560949935, -1.9647987597044334, -0.49513697264934853, 107247000000, 
-1.9407846868433951, -0.49225397536519355, 0.09946900526374387, 0.10224044799538931, 0.017845719129261306, 0.053937637012745294, 0.1073861060644352, 0.5022776129006944, -1.960442500563069, -0.4941142874029406, 107293000000, 
-1.9375564099883977, -0.49129499227524853, 0.06155792006266383, 0.06603832200063342, 0.044851100466623606, 0.05321865459617067, 0.10615771752089932, 0.5013168692675922, -1.957875535424428, -0.49344688064629677, 107318000000, 
-1.934345190410509, -0.49028131893040605, -0.1594070335346787, 0.00768905019467567, -0.08149138999226085, 0.04502629569720946, 0.09048572640846339, 0.4976066113892414, -1.9540628163222191, -0.4924033974030582, 107358000000, 
-1.9311522578661942, -0.4892134886929794, 0.12228997952897593, 0.14522516432260513, 0.04472421066068405, 0.0605278161227082, 0.12011541150618663, 0.503913822245788, -1.9489162280029928, -0.49089114364725, 107409000000, 
-1.9279785010733965, -0.48809173757271146, 0.10657324460485064, 0.15446877631721254, 0.08298387545244737, 0.06806516271882672, 0.1339895337774121, 0.507988652545794, -1.9476299646596793, -0.4904793517326777, 107419000000, 
-1.924824474044296, -0.486916169343066, 0.09134779055784159, 0.09329632268552607, 0.08806301697014424, 0.06229549885473862, 0.12325303276141536, 0.5054277161303277, -1.942897350041616, -0.48892345134385035, 107458000000, 
-1.9216908913898172, -0.48568712805949027, 0.14933148144889258, 0.12357253232527854, 0.12593404011666912, 0.06455100037305364, 0.12746006706124646, 0.5064409729365349, -1.939277770562085, -0.4876548870833765, 107489000000, 
-1.9185784976039586, -0.48440484529550887, -0.16953441579652695, 0.016479963269950895, -0.05685663556087972, 0.05013888410790944, 0.10027393241796666, 0.5000191265953161, -1.935458901231749, -0.4862452877464232, 107525000000, 
-1.915487885243312, -0.4830695997272942, -0.053316188086952716, 0.07789506527937702, -0.054642456398289546, 0.05320492839520041, 0.10611922899734151, 0.5013693455738667, -1.933601711581657, -0.4855241793760288, 107544000000, 
-1.912419915913762, -0.4816818541334528, -0.054348272931387394, 0.0757880514556491, -0.054449577083240566, 0.05399693307885581, 0.10758815323598515, 0.5018854906861193, -1.9313044901152885, -0.48460581144605985, 107567000000, 
-1.909375646047347, -0.48024201431314456, -0.032350749262881597, 0.05389359788768977, -0.040815052619832384, 0.05119042402572642, 0.10218910598412129, 0.5009381727410422, -1.9273840090065335, -0.48298503969674783, 107607000000, 
-1.906355930785469, -0.478750487775546, -0.07517579065231912, 0.05192557391146383, -0.06205158395664873, 0.0499043785567604, 0.09971865312371628, 0.5004517910490264, -1.9228913056329286, -0.481021707398826, 107655000000, 
-1.9033616186286677, -0.4772077147011329, -0.038925101432561206, 0.06199093910644616, -0.04768903045912839, 0.050528877557321474, 0.10089817063515628, 0.500790819489006, -1.9158530089368828, -0.4777435561623808, 107731000000, 
-1.9003935598540793, -0.47561414766163307, -0.028892913594006947, 0.054436237496608406, -0.036070669852315836, 0.050325161103996804, 0.10054357120836196, 0.5005308693452435, -1.9140512479961835, -0.47681919419793617, 107751000000, 
-1.8974526025028988, -0.4739702458522384, -0.03899127208826882, 0.07972396894137922, -0.03785219427658935, 0.0537455373191516, 0.10711377604261924, 0.5017612048124129, -1.9124601040079419, -0.4759844814057897, 107768000000, 
-1.8945396167436528, -0.4722765038328127, -0.06951914282322343, 0.06277507408189854, -0.05742784117939786, 0.05259563366862833, 0.10492873169874495, 0.5012510188308835, -1.910206119875434, -0.47477460967054935, 107792000000, 
-1.8916556310566024, -0.4705333732027188, -0.04922214327672304, 0.07738795636596803, -0.052334459332387034, 0.05403951328592825, 0.10769357952771327, 0.5017895544276344, -1.9074880337291231, -0.4732736946798674, 107821000000, 
-1.8888016995910861, -0.4687418834670695, -0.027175760263274104, 0.02489738507404948, -0.0368772654640801, 0.04732516726564849, 0.09480445626618453, 0.4991871598606356, -1.9028320973966184, -0.47061171582508166, 107873000000, 
-1.8859788438644254, -0.4669022086892192, -0.11381598512267908, 0.01001254827292771, -0.08446126085323946, 0.043121430746117184, 0.08664055577224246, 0.4977049184618948, -1.9008177193721978, -0.4693883417473337, 107899000000, 
-1.8831879513378509, -0.46501515815846123, -0.006539812209072532, 0.10838473687639807, -0.03615945220898439, 0.05490672210874851, 0.10942742323151151, 0.5017638219679578, -1.8980313450506023, -0.4676527446981953, 107932000000, 
-1.8804299694783206, -0.46308130631632244, -0.12032801761774435, -0.010594605667014048, -0.08830369059501618, 0.042790236962178325, 0.08608357635323183, 0.497077825700394, -1.895309703572759, -0.4658868234622683, 107965000000, 
-1.877705707157947, -0.4611012935530661, -0.013653417544479017, 0.07694476114434237, -0.042100942603405155, 0.050655390711460885, 0.10127261058382628, 0.5001884558859273, -1.8936283280115491, -0.46476098596479143, 107986000000, 
-1.8750159139975118, -0.4590753302209916, -0.06786774095174962, 0.08778694142932167, -0.057965938073832914, 0.05472527511496731, 0.10900141179939168, 0.5020602413451742, -1.8904037229451938, -0.46254832500308923, 108023000000, 
-1.8723613031418216, -0.45700440935864395, 0.006972331841264946, 0.16059367373779324, -0.017701131082525794, 0.06646083614424433, 0.13106760448007565, 0.5070729445913345, -1.8873392064010421, -0.4603635633283319, 108054000000, 
-1.869742506021747, -0.45488839470633274, -0.05183245687578809, 0.1103117251157264, -0.0388181497697136, 0.06359430752497128, 0.1255583439014164, 0.5064920860608283, -1.8846539229593295, -0.45838092850942636, 108080000000, 
-1.8671601325283167, -0.45272846097028663, -0.015255916856568914, 0.07857441229386238, -0.024344395734882195, 0.05793024519990068, 0.11489623130339648, 0.5041962172538916, -1.878630915727806, -0.453810718987749, 108142000000, 
-1.8646147931326986, -0.45052456233366067, -0.19941519475768998, -0.18097838894288495, -0.13279816277220607, 0.021231239924192156, 0.043527896101454897, 0.48776168447715335, -1.8780592243824614, -0.45332105930683925, 108157000000, 
-1.8621070898188825, -0.44827745651466966, -0.04345158486047804, 0.06980293021615705, -0.07706673016538941, 0.04090963636642623, 0.08251155433422724, 0.4958049414596495, -1.874759500230065, -0.45061879853497905, 108225000000, 
-1.859637677060529, -0.4459877308668354, -0.0705045428648948, 0.08375620691014475, -0.07286434558194207, 0.05064422267279714, 0.10128877483151942, 0.499998373531886, -1.8722363072457213, -0.4484114459006654, 108260000000, 
-1.8572072114007656, -0.44365602445478547, -0.03617463149683345, 0.08373466161880959, -0.05016352372335672, 0.05436091201656549, 0.10834134344237202, 0.5017559344321835, -1.8710386932224061, -0.44732371688932654, 108275000000, 
-1.8548163959048007, -0.44128303316837775, -0.06451336694490267, 0.07436403087020986, -0.05902315853215942, 0.05421240659893977, 0.10799990168810517, 0.5019671847063412, -1.8682351008305091, -0.44473296970864507, 108310000000, 
-1.8524659334365785, -0.43886944373586534, -0.0724565197855083, 0.08065455217648865, -0.06730212162320187, 0.054961308478313, 0.10940846782056138, 0.5023496770693648, -1.8653786404969908, -0.4419992350292595, 108346000000, 
-1.8501566135161156, -0.43641601728800034, -0.0566715817616614, 0.05389073092062373, -0.0607552507731316, 0.05163498927556924, 0.10307594228526536, 0.5009412296486028, -1.8633325398765948, -0.4399673971220538, 108373000000, 
-1.8478891655271668, -0.43392377392641546, -0.03763223325508685, 0.06444110700950995, -0.04645465460933929, 0.05200297609306246, 0.10377225904773334, 0.5011259904165914, -1.8614351002242513, -0.43803272407744587, 108399000000, 
-1.8456644652488874, -0.4313931248353127, -0.07423179629415148, -0.010969231459961929, -0.06377983295676201, 0.04163899587524331, 0.08377666068796902, 0.4970238194421492, -1.8577040621636858, -0.43412500756091293, 108455000000, 
-1.843483076529519, -0.4288254491945077, -0.09105918290207352, 0.029235913808890204, -0.08060134049865822, 0.043728632754968404, 0.08780980785458324, 0.4979925799107187, -1.8558824328286463, -0.432110830870572, 108486000000, 
-1.8413457901602561, -0.4262212905919295, -0.08193521776858997, 0.011857619870711645, -0.0814306736367782, 0.04213276769190623, 0.08467617934339376, 0.4975752096825485, -1.8543888830967823, -0.43040486498212505, 108512000000, 
-1.839253402981079, -0.4235811784145841, -0.07212942418349948, 0.03815139213838082, -0.07566110282736482, 0.04519349543460726, 0.09064254743036063, 0.4985903057207078, -1.8535155392662768, -0.4293824684581422, 108527000000, 
-1.8372063492209278, -0.4209063728190822, -0.03659627141266898, 0.1915403666620002, -0.05113957534217832, 0.06683602968485387, 0.13202778278671043, 0.5062270097561724, -1.849863137809673, -0.42504008287903067, 108579000000, 
-1.8352052961465743, -0.4181973842344558, -0.11253049573213147, 0.010381734641012663, -0.08942687842897326, 0.04909923378105752, 0.09833107460012633, 0.4993257114368446, -1.8446762595813895, -0.41852011135380146, 108649000000, 
-1.8332507732288856, -0.4154549770203759, -0.009751623004775401, 0.16439917718607464, -0.04003595457048365, 0.06487018444886918, 0.12830420177129037, 0.5055967267892287, -1.8431074964526395, -0.41642425005136596, 108670000000, 
-1.8313433747437948, -0.41267967593634086, -0.040979517711105556, 0.08664675790440945, -0.04065943890154605, 0.059677498736401824, 0.11834613867310843, 0.5042623224171338, -1.84130471601177, -0.41393208706322826, 108695000000, 
-1.829483369366673, -0.4098726258047015, 0.020402633629276738, 0.15908860286287096, -0.0028614464191153294, 0.06812361952817164, 0.13405187561710374, 0.5081884846039387, -1.8398293823666012, -0.41184363828949805, 108715000000, 
-1.827671411334531, -0.4070341277447192, -0.03993373113314022, 0.0793816066064804, -0.02583907245137234, 0.05991185297993092, 0.11866488031541111, 0.5048827658249457, -1.838034357811844, -0.4092407781032886, 108740000000, 
-1.8259079472576778, -0.4041649657647994, -0.12808178207558654, -0.049707792979662664, -0.08928920535115512, 0.03912277774082104, 0.07893890957051596, 0.4956082868850975, -1.8357072195171331, -0.4057710211343348, 108781000000, 
-1.8241934024722957, -0.4012659958092736, -0.08110503804834579, 0.026567872411614173, -0.08417490243317928, 0.04232842182188127, 0.08507697172097356, 0.4975308942672001, -1.8341678394000827, -0.40337677595321464, 108815000000, 
-1.822528261791132, -0.39833798682371296, -0.052623136627518476, 0.07361213805516857, -0.06459449302766229, 0.049905527532379215, 0.09977128056192826, 0.5001993284169861, -1.832869920157016, -0.4012836778809519, 108841000000, 
-1.8209130148944683, -0.3953817483352622, -0.07242834938093673, 0.09078357377427698, -0.06935435202088411, 0.054768464683849896, 0.10906907315652685, 0.5021447702709526, -1.8306967209579523, -0.39766970575977095, 108881000000, 
-1.8193480983135193, -0.3923982951436958, -0.09270349904611305, 0.07312289731663639, -0.08377149206325864, 0.05399893369363314, 0.1075755725371611, 0.5019627822569074, -1.8283433121296568, -0.3935698271186327, 108924000000, 
-1.8178339795452532, -0.38938857291917095, -0.06805057643146112, 0.08876112829486252, -0.07402465016456063, 0.05602260256576954, 0.11141373381127608, 0.5028339025121116, -1.8269039593650709, -0.3909341195515259, 108951000000, 
-1.8163711737654922, -0.38635348214782606, -0.06241094369989127, 0.08613194487721575, -0.06683160479646998, 0.0563641478291008, 0.11203283262055257, 0.5031038358192929, -1.8252693152482695, -0.38783959472196095, 108982000000, 
-1.8149602270276894, -0.38329388848144913, -0.07312731122133757, 0.10748091260063818, -0.07068445219800645, 0.05948931496302646, 0.11794310805592687, 0.5043899210695508, -1.8238455421512347, -0.3850409444872202, 109009000000, 
-1.813601441808666, -0.3802109613889025, -0.12699616276771186, 0.01876130887270372, -0.1056397379330988, 0.047947703046400496, 0.09596511395968899, 0.4996368062100292, -1.8213195563664666, -0.3798957000035705, 109061000000, 
-1.8122954947783714, -0.3771053580395635, 0.0006353662051618303, 0.13330818331191507, -0.03985048417501526, 0.060081144975024384, 0.11921634922626934, 0.5039673280129727, -1.8203196292355812, -0.37773213494065044, 109082000000, 
-1.811042377304268, -0.37397849626305835, -0.049219308732429426, 0.10268232317992262, -0.04563106830656885, 0.06018365896954385, 0.11925355989524736, 0.504669705645763, -1.8185583770640208, -0.37378873695551473, 109118000000, 
-1.8098429214978264, -0.37083072523997707, -0.041360372636395734, 0.1403198452453719, -0.04292047863314228, 0.06547530762959139, 0.1291084147821752, 0.5071343160711703, -1.8168443149619347, -0.3697596808866242, 109153000000, 
-1.8086970633268453, -0.36766340143219406, -0.07214680518001441, 0.14006769840832223, -0.06096378992363752, 0.06750752669689727, 0.13277314925899864, 0.5084426111277314, -1.8158037179214912, -0.367187431800738, 109174000000, 
-1.8076052731209362, -0.3644772189065305, -0.07591736526570163, 0.0009124524004996068, -0.07040107013845182, 0.048443382302311724, 0.09696401583655075, 0.49960164999736856, -1.8143571486666132, -0.3634872506265852, 109208000000, 
-1.8065680622127138, -0.3612727934877075, -0.11930041366884259, -0.00465825442712117, -0.10071603595731617, 0.04100291386864199, 0.08248472717151777, 0.49709704177575825, -1.8125153347183078, -0.35853592737653495, 109265000000, 
-1.8055852183035337, -0.358051486472048, 0.004888898882108044, 0.16985535151549544, -0.03519345942252616, 0.06244677457377492, 0.12385364999490496, 0.5041980965142636, -1.8114440892209145, -0.3554241403582488, 109295000000, 
-1.8046574638076422, -0.3548136860026645, -0.12116287213166652, -0.01385176054461242, -0.0885015100229926, 0.04493201674488051, 0.09036755379028169, 0.49721404265468333, -1.8104338278064431, -0.3522827949318846, 109326000000, 
-1.8037848395314993, -0.3515604648875109, -0.053212407369365486, 0.08655459216169221, -0.06661567922296763, 0.05253359240085342, 0.10492221753448813, 0.5006908320783968, -1.8097000314447629, -0.3498966588026013, 109351000000, 
-1.802967558704178, -0.34829272650103255, -0.04411369876494269, 0.09609146647137887, -0.052619755095825546, 0.05632405052451563, 0.11203687957391381, 0.5027277690946141, -1.8080996925276394, -0.34443592583201493, 109403000000, 
-1.8022059090517821, -0.34501134772100717, -0.1111974208309211, 0.012960503671564705, -0.08890983327439043, 0.046493913069899716, 0.0932213536255324, 0.498747457118725, -1.8074300302350415, -0.3418915906995589, 109429000000, 
-1.80150007937973, -0.34171731033681024, -0.11761472687735224, 0.03787012569789485, -0.10663484379574514, 0.046338660710624105, 0.09286801439977843, 0.498973311856818, -1.8066924337195003, -0.33895356277617167, 109461000000, 
-1.80085028324015, -0.33841160192842096, -0.12293439801433603, 0.0037668027726139586, -0.11674172240233296, 0.0415777815916347, 0.08358634464441869, 0.4974231349451764, -1.8059743056115263, -0.33588127731353123, 109496000000, 
-1.8002567401682565, -0.3350952167108248, 0.0040211301064682296, 0.17332098544291427, -0.041888427767530836, 0.06312970624074415, 0.12512614633021577, 0.5045284945813076, -1.8053507685943289, -0.3330206490226796, 109523000000, 
-1.7997198141622701, -0.3317690419726581, -0.09612522471861351, 0.013532316786941704, -0.07550550383857552, 0.048952486062071476, 0.09810730970307756, 0.49896879458040905, -1.8049211276519463, -0.3308735416325191, 109543000000, 
-1.7992391342360794, -0.328434496033758, -0.10724247553409061, -0.014169861241456905, -0.09524683878982068, 0.039900327110813524, 0.0803832403657408, 0.49637619644677794, -1.803839967802161, -0.32521182473768934, 109605000000, 
-1.798815530971139, -0.32509211247908676, -0.02042933329534733, 0.17171992117536092, -0.048773686443166125, 0.06231920651759919, 0.12371191909599139, 0.50374456214881, -1.803388851518181, -0.32246252734229003, 109630000000, 
-1.7984485680484963, -0.32174327302334366, -0.018514022109510354, 0.10435002348262723, -0.03007583732734479, 0.06113838009716104, 0.12113892058485198, 0.5046964245841744, -1.8024402260533001, -0.31598502654363075, 109683000000, 
-1.7981387237665336, -0.3183887585313897, -0.11046974642464069, -0.009017804652703845, -0.07986350944762316, 0.04525325451407009, 0.09089436164178008, 0.4978664649454911, -1.8022785878620098, -0.31456503350423687, 109698000000, 
-1.7978859905047762, -0.31502958780205614, -0.09911260547236876, 0.03787670326251907, -0.09172728360124692, 0.045892805746109225, 0.09203275461620121, 0.4986573088841391, -1.8018442394690481, -0.31068251871716024, 109740000000, 
-1.79769037551103, -0.3116667990425651, -0.09843195603660418, 0.03561303809648644, -0.09586511252308391, 0.04610665495759387, 0.09242593187605551, 0.4988497710731611, -1.8017174596973404, -0.3092864936604384, 109755000000, 
-1.7975519511334712, -0.3083012699899258, -0.1413651125325483, -0.018517689628496502, -0.12405417627307104, 0.0385309816168581, 0.07763211226062382, 0.49632787895173114, -1.8014352516547087, -0.3058773873913577, 109794000000, 
-1.7974709472259927, -0.30493387170492775, -0.026147753270611, 0.15839984284213507, -0.06326626588611986, 0.05972841250773394, 0.11873361351196166, 0.503045521323384, -1.8012060217393682, -0.30236725379575746, 109829000000, 
-1.7974469254362706, -0.3015657398388853, -0.05355635463099588, 0.11286793218123149, -0.05723350964657181, 0.061357890913799305, 0.12150916526381234, 0.5049651257218604, -1.80100483125824, -0.2980061127002794, 109865000000, 
-1.7974804958566737, -0.2981974868878119, -0.08896069730833704, 0.02737157661083352, -0.07698209262855527, 0.05002017401808417, 0.10000224487798962, 0.5001905115141425, -1.8008733889116288, -0.2931758031476477, 109908000000, 
-1.7975711170224937, -0.2948303489194974, -0.10649387472513387, -0.007078990103422958, -0.09533519692359188, 0.04125171019592561, 0.08298944279714537, 0.4970717817296222, -1.8008455981541307, -0.28829033326073356, 109960000000, 
-1.7976686994686217, -0.29205393763381887, -0.007257354895012481, 0.06654391523970268, -0.040682364958019274, 0.057334172658230396, 0.12786146675336596, 0.4484085324065866, -1.8008819821639697, -0.28557996024539517, 109983000000, 
-1.797678628634168, -0.2918718394135865, -0.07377774759475739, 0.08330513690817032, -0.06106558216915367, 0.03840796289287943, 0.14249599786570932, 0.2695371341521869, -1.8009831578615814, -0.28178865449449364, 110010000000, 
-1.7976197677130945, -0.2920444783763052, 30.57109029806478, 0.7849357691266351, 18.868423704472907, 0.09301143789167245, 0.4413630639297147, 0.21073679583320126, -1.8012305290304114, -0.27708654141997124, 110075000000, 
-1.7974948697019348, -0.29219941108181535, 29.926151971601136, 0.7213533303012415, 25.70062748739631, 0.14670429876471885, 0.5236977121508603, 0.2801316396097948, -1.801436959944129, -0.2754527221613915, 110095000000, 
-1.796918863736414, -0.2922756604084426, 0.5492059578334594, 0.1034752483147297, 10.155165684390852, 0.0762720752333558, 0.3887537802957123, 0.19619635640671618, -1.8016669214116139, -0.2716626389402593, 110110000000, 
-1.796523466639564, -0.29240345866094897, 28.85426582304399, 1.2604568441673099, 21.709817789688508, 0.18297346855020774, 0.4492834192261563, 0.4072562233998317, -1.8020663137838198, -0.26644339798427663, 110141000000, 
-1.7963447179334102, -0.2925325864698501, 1.7623430761260448, -0.9310683632514042, 9.37569420943149, 0.0014692775248523486, 0.208222438217458, 0.007056288157176904, -1.802028074925808, -0.26718363444037696, 110181000000, 
-1.7963008302060013, -0.2926273777599091, 2.121926812751941, 3.012354721044471, 4.8914765516361465, 0.06888318466473813, 0.15538505700101635, 0.44330636416529795, -1.8021496914492734, -0.26649679464044373, 110208000000, 
-1.7964428483368562, -0.2927006310601872, 1.1104121728659406, -1.2092521808513612, 2.551636348464175, -0.02578949133041956, -0.19236402651229073, 0.13406608188653085, -1.8017938856907088, -0.2706239277303351, 110245000000, 
-1.7966404823633677, -0.2927189047157045, 2.273636578981059, 1.372542160215845, 2.3806076272134167, -0.002268261658851823, 0.05062703586939735, -0.04480336681577135, -1.8016455033945202, -0.2718607809697118, 110267000000, 
-1.7968051175567636, -0.2927243402689392, 1.641181208272604, 1.2388444188348153, 1.9229806258410425, 0.0004893456319572572, 0.00596901642729647, 0.08198094910904696, -1.8016046991112094, -0.27231840745919866, 110300000000, 
-1.7969545827953788, -0.292758190357438, 2.4621960525734394, -0.07739703050614374, 2.2557531075937627, 0.00218449573156035, 0.023740047905394218, 0.09201732617666657, -1.8014714352235763, -0.27362989388618575, 110342000000, 
-1.7970947592101987, -0.29272348708761187, 0.7442958791760729, 0.50879191115194, 1.3214153654417007, 0.005732179550828114, 0.05494063402480597, 0.10433406262184754, -1.8014797983197852, -0.2735602960221523, 110378000000, 
-1.7972153406764673, -0.29270472392243996, 2.6678483682324887, -0.08351872070811729, 2.1529050272564683, 0.0034350939127955568, 0.03460330787420318, 0.09927068028534995, -1.8014940046729015, -0.27347391651874164, 110420000000, 
-1.7974072022085472, -0.29278783934276026, 3.335878779073026, -0.0689682930576811, 2.883638128287284, 0.0026529714636966567, 0.02677808992968754, 0.09907246822542928, -1.8014347566852986, -0.2740344015838354, 110447000000, 
-1.7976148505934055, -0.29319666702687, 2.199613495652215, -0.10591325425715953, 2.4599985788424923, 0.00455628410640392, 0.04617178464123513, 0.09868113484906951, -1.8012472416764713, -0.27567030447342944, 110496000000, 
-1.7978275300754019, -0.2936619665169133, 2.7463344626036257, -0.1488603722226419, 2.6366470018077326, 0.0019259314309861874, 0.02007982597958284, 0.09591375109248823, -1.8011990530134898, -0.2761062927151456, 110516000000, 
-1.7980031684922964, -0.29411718022257155, 4.16386368254578, -0.12126136383951058, 3.5802831714261627, 0.0015729093646984615, 0.016131855938479184, 0.09750331088356756, -1.8011325381970247, -0.27666687268751633, 110536000000, 
-1.7981289604818258, -0.2946674537601506, 4.118876158983901, -0.10597446104633164, 3.91214948615755, 0.004764156891866269, 0.04871499409369409, 0.097796519952426, -1.8008326897987628, -0.27907141514751843, 110582000000, 
-1.798222781516416, -0.295569249551728, 3.8320887394217413, -0.005058011564918398, 3.8616083657216085, 0.006365999346960032, 0.06443594495630833, 0.09879577852511644, -1.800632498517423, -0.2806575448191573, 110624000000, 
-1.798348104397644, -0.2964619552827266, 4.563846852313013, 0.07700730370215678, 4.294360033830149, 0.008490581549449226, 0.08287874669093495, 0.10244582463477217, -1.800450415742967, -0.2820807751863806, 110669000000, 
-1.7985084149215558, -0.2973418212574563, 4.050787569169612, 0.07368835170223698, 4.1434687187099986, 0.004869678908278939, 0.046476277772842745, 0.1047777305248058, -1.800410262941748, -0.2824184366558534, 110685000000, 
-1.798706868888299, -0.2982054515085018, 3.998273274466841, 0.061280457902903845, 4.053166204748329, 0.0055705347927072395, 0.05358940053820663, 0.10394844384825168, -1.8003248352548327, -0.28305234059153606, 110715000000, 
-1.7989461569198137, -0.2990499158468992, 5.3006444870116525, 0.08382242274602443, 4.823271049539331, 0.00764886702161388, 0.07304960631872118, 0.10470784727081583, -1.8001911492540277, -0.28401516060374793, 110752000000, 
-1.7992286283954118, -0.2998726387586816, 3.5450088840578013, 0.07841375782556587, 4.032362095400925, 0.008301490623077959, 0.07843858011097576, 0.10583427965336596, -1.800102372223906, -0.2846548783001439, 110787000000, 
-1.7995562134618672, -0.30067143861529677, 3.792070194209762, 0.06525487460782986, 3.8833442571170083, 0.006048768875572562, 0.056978296628187514, 0.10615917346641421, -1.8000903171505709, -0.2847694858524804, 110811000000, 
-1.7999499746562027, -0.3012330107841426, 4.606538831017662, 0.05619272804605607, 4.329769131776081, 0.0069374960552269285, 0.06638793820470705, 0.10449934495382543, -1.8000542808606215, -0.2850280031187071, 110840000000, 
-1.800355101178257, -0.30149320737977703, 4.730343206217849, -0.07353302289217559, 4.574887204141265, 0.012799397890252869, 0.13000725261794796, 0.0984514143058344, -1.7995905723398502, -0.2880119859614214, 110907000000, 
-1.8007222975274002, -0.30171506602453485, 4.208708852429506, -0.06964045347272943, 4.34712235761255, 0.010289697699589036, 0.1105326602034361, 0.09309192125341757, -1.7995727872221097, -0.2882323831802058, 110947000000, 
-1.8010505725438521, -0.30189603847528057, 4.537527769778608, -0.0874854054243595, 4.46424748543504, 0.006390586455556744, 0.07031686233684328, 0.09088270214537612, -1.7995611332586903, -0.28836301687015814, 110968000000, 
-1.8013392041549663, -0.30203394024300834, 3.9106663252695077, -0.08453433258545451, 4.1218022564972365, 0.0046364678065674205, 0.050223137057787734, 0.09231736761549979, -1.7995533066852523, -0.28843201790437545, 110986000000, 
-1.8015877329616266, -0.3021269345731911, 4.979964329068799, -0.08757141769047504, 4.651744630022828, 0.0051443926063061375, 0.05494127695490569, 0.09363438368075273, -1.7995067753174456, -0.2887187075241542, 111011000000, 
-1.8017959499198486, -0.3021735189795748, 4.036086866719442, -0.09102012632703052, 4.270069137639487, 0.008662208200721855, 0.09270106795084337, 0.09344237765756018, -1.7992902434648064, -0.2899764201152335, 111056000000, 
-1.8019638923053, -0.30217251953806795, 5.2577599012546905, -0.09461725864845423, 4.879654551810097, 0.007660111967957727, 0.08447168899345678, 0.09068259507100755, -1.7992644500533164, -0.29016021216587745, 111087000000, 
-1.8020856158329428, -0.3021629995497796, 5.110728274667326, -0.10568507227712579, 5.02091523680848, 0.009409427112228242, 0.10601000559986581, 0.08875980204872429, -1.7990377348237592, -0.2914487953760301, 111133000000, 
-1.8021514187324805, -0.30252850293136635, 5.05751431917445, -0.024475509326786802, 5.042112155979137, 0.010253408770825602, 0.11152882506099768, 0.09193505593928544, -1.7989178168143785, -0.2921528510252663, 111174000000, 
-1.8022692568791647, -0.3028612714018751, 5.96781502330298, 0.06893664502286252, 5.613886593263988, 0.0067547799421161635, 0.06768165666670231, 0.09980222522300267, -1.7988788417094699, -0.29239668845664135, 111187000000, 
-1.8024400403725058, -0.303161335912045, 4.543588379965767, 0.05934674284110259, 4.951487620783119, 0.009887846094721611, 0.09801636018371748, 0.10087954782434559, -1.7987572961794998, -0.2930533985902868, 111223000000, 
-1.8026643826157802, -0.3034288679859503, 4.6675398776987365, 0.07884310310601396, 4.775490509088713, 0.00820116718047284, 0.07915883494980727, 0.10360393992247365, -1.7987977146294394, -0.29287155379537, 111245000000, 
-1.80294257256616, -0.30366425635569827, 5.17554862164498, 0.1072203887449929, 5.021135073448656, 0.013521174308468345, 0.12846479425024324, 0.10525198275046273, -1.7986074257704903, -0.2938621537787073, 111296000000, 
-1.803274520395288, -0.3038681192388068, 5.178237754558994, 0.09385015709565635, 5.116916184136933, 0.013565489597790277, 0.1257991301980663, 0.10783452617225486, -1.7986563428860312, -0.2936845360450849, 111334000000, 
-1.8036599842933718, -0.3040411862406595, 5.169908190289135, 0.11128068781225159, 5.149168783382089, 0.010033211878801993, 0.09077721340361727, 0.1105256650057314, -1.7987088687172976, -0.2934727894359421, 111353000000, 
-1.8041028907495886, -0.3041575116444532, 5.958081184619199, 0.11425925018220784, 5.6480816369883, 0.01386492651966568, 0.12731290295883876, 0.10890433096281149, -1.798714540260499, -0.29347711915205027, 111391000000, 
-1.804627987526661, -0.3037978056932712, 4.115582014350676, 0.04231910859569424, 4.698881988024409, 0.017273617077436687, 0.16535339567911045, 0.1044648463764141, -1.7987245083117964, -0.2934804679113766, 111444000000, 
-1.8051160946581142, -0.3033904074095176, 5.731695465177099, -0.10424857905769433, 5.335806221677137, 0.01191337581453368, 0.13407738794619664, 0.08885447424821813, -1.79891537480691, -0.29269001544775675, 111480000000, 
-1.8055676580119084, -0.3029358547808577, 5.716559295025202, -0.10381450522613851, 5.570555598339536, 0.008265907192977375, 0.09701490783476424, 0.08520244339205955, -1.7989699954657472, -0.2924882947942138, 111500000000, 
-1.8059834021212526, -0.30243525199632293, 5.158711877154066, -0.11442457673885438, 5.314010753254505, 0.013138435689205617, 0.15401301457814398, 0.08530730812063525, -1.7987178353389022, -0.2936424166035179, 111554000000, 
-1.8063642271837401, -0.30189000274139943, 6.125367465932639, -0.12837761048133997, 5.814892302978924, 0.0079373908747448, 0.09959500226334878, 0.07969667849152488, -1.7987443378512893, -0.29356986425085124, 111571000000, 
-1.8067112986282694, -0.3013019498309089, 4.852249389074447, -0.0853423541001036, 5.218293054034801, 0.01245913211825693, 0.14754166654521567, 0.08444483792270775, -1.7986101597370316, -0.29417876910095625, 111619000000, 
-1.8070259791067067, -0.30067329985197944, 5.678704883600777, -0.1073828301781353, 5.501493650059986, 0.011244676924999118, 0.13852272059096926, 0.08117568639301034, -1.7987587828823195, -0.29359565692867096, 111656000000, 
-1.8072762997446792, -0.30018945824831894, 3.8148732485522334, -0.056834795352774456, 4.458711348658532, 0.0070220989974665495, 0.08305002586512286, 0.08455264070442034, -1.79882108546297, -0.293358812657372, 111671000000, 
-1.8075060587001106, -0.2999413629601653, 5.558734250466599, -0.039855271080364324, 5.138060721116616, 0.007149211214778333, 0.08028672162435128, 0.08904599752158704, -1.7988775166219135, -0.29313979072665025, 111696000000, 
-1.8077859903164821, -0.29967411586950005, 4.76290226014539, 0.06846949574682266, 4.905308853538313, 0.010520605427452163, 0.1093596031070678, 0.09620193497915344, -1.7988630803654242, -0.29321409208351407, 111732000000, 
-1.808114185660768, -0.29939042169721697, 4.892446984908556, 0.07157604839692946, 4.89669275408259, 0.010298087075684498, 0.10264554769621573, 0.10032668057032698, -1.7989862397693435, -0.29273542282042164, 111759000000, 
-1.8081790063987422, -0.29962124525779166, 4.800081471373039, 0.09175465583171166, 4.835083557178624, 0.015333936423043636, 0.15294043460469162, 0.10026083986669442, -1.7989031503723107, -0.29309601632663973, 111814000000, 
-1.8081843863930802, -0.29997042204008384, -0.010188900524092149, -0.008741113789367906, 1.838939468068637, 0.009302075555617267, 0.10533505061893667, 0.0883094041438186, -1.7992032515936072, -0.2919643996136977, 111860000000, 
-1.8081408289215912, -0.30035756787311607, 6.958798680353316, 0.11937682374514708, 5.00222863266635, 0.0069394438651440805, 0.07799035449038251, 0.08897823212227901, -1.7992605661606798, -0.29180299039182517, 111895000000, 
-1.8081557746596086, -0.300660522045865, 4.717631546900338, 0.1933435088078735, 4.825928597901086, 0.005959508184779784, 0.06901090728531291, 0.08635603296941588, -1.7992090686941988, -0.29202105628156727, 111915000000, 
-1.8081170602315535, -0.3009834782307968, 8.670759632023472, 2.243790966414238, 7.202062083974171, 0.032258738784754395, 0.1942291478822054, 0.16608598213239562, -1.7995512335942156, -0.2907499692520351, 111940000000, 
-1.8081176273233457, -0.30126791963103433, 7.375639184635873, 1.0869261720690548, 7.305756564273584, 0.07469899619783443, 0.3588484328103943, 0.2081630832627973, -1.8002374358370639, -0.28825990174885163, 112009000000, 
-1.808136379117365, -0.30148027182590603, 5.211549997446902, 0.04769093603271675, 6.010665414384615, 0.01649635497900801, 0.16348039159095756, 0.10090723920140438, -1.800222689604902, -0.2884310692106603, 112020000000, 
-1.8081250162837428, -0.3017276848610633, 0.8868676369094773, 0.3583205554618125, 2.843664998532224, 0.0076299682539658934, 0.10454093447980095, 0.07298546059429123, -1.8005504788808273, -0.28728592696335775, 112035000000, 
-1.8081439988192105, -0.3018123802694591, -5.468901931124545, -1.7091082554175874, -2.294493843607803, 0.003483058515557505, -0.0362455995267173, -0.09609603816844245, -1.8007261821431304, -0.286655741178085, 112063000000, 
-1.808106047996405, -0.3019250379967877, 9.412764041528208, -0.16375213284211562, 4.940996779225214, -5.4724710613731954e-05, 0.0009702532766654587, -0.05640250018202301, -1.8004204164144875, -0.2877396813165095, 112101000000, 
-1.8080724369480246, -0.3020010467982751, -2.0383176110193713, -0.031817924751942936, 0.6273786992340469, -0.001426819741941213, 0.027703125134499892, -0.05150392726502661, -1.800229063251818, -0.2884168265413396, 112126000000, 
-1.8080596974789087, -0.3020710413900774, 3.4043427584079287, -0.053383173815352306, 2.342858237140707, -0.0021644788926941483, 0.04072473496470678, -0.05314899887181458, -1.8001115689156648, -0.2888310841300985, 112192000000, 
-1.808070269027546, -0.30210571332876174, 3.900408238777345, -0.6194648057466261, 3.3047773960522107, -0.005177893050222733, 0.07421550984665407, -0.06976834169732749, -1.7999117616407097, -0.28953413053830557, 112235000000, 
-1.8081015740896582, -0.3021506587591398, 1.2485261326125483, -0.1447905598231999, 2.033722430691786, -0.003106053561704218, 0.04498087496441948, -0.06905275995989743, -1.799938179382918, -0.289429073650899, 112251000000, 
-1.8081393605982752, -0.3021720230748283, -2.071663464791119, 1.2180561197572675, -0.5038744915129731, 0.0009738869899346519, -0.031953243961251765, -0.03047850137268191, -1.799850976233946, -0.28974737033040654, 112272000000, 
-1.8081743082904915, -0.302218870904812, 1.5806097934446741, -0.15611991888130092, 0.7845163457755144, 0.0007563889292561597, -0.01598477479712613, -0.047319335984148454, -1.7995403446832159, -0.29089196078625673, 112321000000, 
-1.8082098870459695, -0.30221857690991527, 1.3694085915674756, -0.15492388967029397, 1.145937995871932, -0.0002057242413485631, 0.0036705034961427557, -0.05604796223862851, -1.7993548095555694, -0.2915798285841126, 112352000000, 
-1.8082438066524393, -0.30220166044856467, 7.37540585285361, -1.006558767042593, 4.995871672922476, -0.0036102441457266017, 0.05658878491779809, -0.06379787357107788, -1.7992867137803483, -0.2918279767397529, 112374000000, 
-1.808278888669263, -0.302215679969847, 5.574161072536493, -0.7486390562427988, 5.352985204206899, -0.007846878701032761, 0.08632886770474268, -0.09089518847704837, -1.7993002922450798, -0.291770655270305, 112395000000, 
-1.8083165407779749, -0.3021934021973536, 1.479434393310966, -0.3220299680860138, 2.955335629769088, -0.017472441477776605, 0.1910433232945578, -0.09145800636454034, -1.7984284664927876, -0.29505557434163865, 112482000000, 
-1.8083506338059339, -0.3021866727796676, 1.591443478401284, -0.3877988008702019, 2.111800241841859, -0.012950833970640174, 0.10751139686574177, -0.120460103283868, -1.7986686059648325, -0.29405071532794474, 112502000000, 
-1.8083816717020262, -0.302186819077951, 1.0755740207517788, -0.28189092865422083, 1.4711914707340557, -0.007082549351363141, 0.06766779610019764, -0.10466647001294098, -1.798847143069629, -0.2933335862036027, 112517000000, 
-1.808407027834469, -0.30217928647183945, 0.30857444181129035, -0.12337393480703894, 0.7524262481539788, -0.003602010633779231, 0.04339219597645534, -0.08301056336797719, -1.7990798063236562, -0.2924049096423717, 112543000000, 
-1.8084047651222968, -0.3022114203291616, 0.4645393546625275, -0.1750073373058405, 0.5741917316591225, -0.0027544285304980016, 0.03661495397880385, -0.07522687402782267, -1.7993557361310142, -0.29129240505328025, 112592000000, 
-1.8083865127904328, -0.30231420216736093, 2.7027042376301993, -1.5547812900217644, 1.8898315341423673, -0.010798880809927356, 0.10248872248920596, -0.10536652763004913, -1.799741644015359, -0.2897148040385411, 112620000000, 
-1.8086447852021585, -0.30203871734546783, 5.925806986776401, -3.8563338027517737, 4.3850252034785395, -0.13627840582173617, 0.3489914786185121, -0.3904920726465765, -1.8013823396803745, -0.28289681735256555, 112660000000, 
-1.8090839458641477, -0.3016306889296065, -5.54956341767483, -0.24087260506123329, -1.756132472897698, -0.08358958647805133, 0.21569473451579962, -0.38753651852325766, -1.8033760285401286, -0.2741900423475151, 112699000000, 
-1.8095314119932098, -0.3008615401016769, -4.675623509317827, -0.35487688989089017, -3.5605052431564106, -0.07705970669346927, 0.15817230074370878, -0.48718837831366807, -1.8040078798413817, -0.2712114387262761, 112714000000, 
-1.8096479614383116, -0.29984497620097283, -2.46263885579916, 0.6695501550639698, -2.883161737917531, 0.07294473988583201, -0.1523466414712975, -0.47880766639397815, -1.8046350110941605, -0.26809167328779554, 112756000000, 
-1.8098798256432396, -0.2991083521523222, 5.01788726616207, -7.937508978991905, 2.0138819280260263, 0.2615274013407099, 1.9503318543661625, 0.13409379575851904, -1.8117930098125539, -0.23151358207207862, 112793000000, 
-1.8101116068809968, -0.29837502485238204, 0.3001168370577208, -0.5483458112237568, 0.9476209330685743, -0.18485201745768318, 0.8095558062045274, -0.22833758468651127, -1.8191829609169534, -0.18963001565803067, 112826000000, 
-1.8103253375295472, -0.29762868982152374, 0.4026533078740679, -0.9734534091416909, 0.6083108718373613, -0.2671420884276264, 0.4157863585392292, -0.6424984440715403, -1.8225781394682763, -0.17034093428366298, 112860000000, 
-1.8105199142188355, -0.2968703893891905, 0.2642889626898011, -1.1014746140261993, 0.3959660341436522, -0.3662835015535021, 0.4742131337608032, -0.7724026929592767, -1.825467071598759, -0.15322034342380406, 112900000000, 
-1.8106939425550286, -0.2961011710297225, 0.19595552974362326, -1.1512848057246277, 0.2726111535944042, -0.44912004387591553, 0.5330089411132162, -0.8426125890832254, -1.8272878881497774, -0.14034198487300223, 112926000000, 
-1.8108461216340834, -0.29532210504227396, 0.11971732417689909, -1.1664540843376294, 0.17832550199423053, -0.5005912466864431, 0.5674886380603352, -0.8821167739982494, -1.830238724440846, -0.11567082350547896, 112972000000, 
-1.8109753098121264, -0.29453428050578795, 0.014174365702337823, -1.235061969443222, 0.07702889330744674, -0.5520008014856269, 0.6027278249448306, -0.9158375947487627, -1.8312586882984787, -0.10292195697669025, 112994000000, 
-1.8110805309556643, -0.2937388000936519, -0.08311881637481486, -1.2735037866232988, -0.021753396658031984, -0.5924314415122922, 0.6290736182818337, -0.9417521642862389, -1.8327521721979518, -0.07796044071230582, 113035000000, 
-1.811223468549239, -0.2932416909400694, -0.18136977005060417, -1.3253641169484165, -0.1201229703489106, -0.6554050785183526, 0.6501544597940886, -1.0080759558673595, -1.8334636256341046, -0.04449322181521556, 113088000000, 
-1.811285784581939, -0.29276121573500785, 0.4925308005482763, -3.205602948430132, 0.26234994418642255, -1.7917798686547677, 1.2454936538782064, -1.4386101953033164, -1.8327447615577186, -0.01750403919031943, 113119000000, 
-1.811475301644807, -0.2937372213951819, 1.0079744352314364, -2.365689500657135, 0.7228453846337136, -1.689095239811663, 1.1520841974569265, -1.466121350800677, -1.831518875253378, 0.00012578820919102122, 113134000000, 
-1.8115324979726133, -0.29306615148544907, 22.38975274255869, -3.226629241625659, 14.114046358469292, -2.2759035335322455, 1.4042517261012857, -1.620723329891132, -1.8278942450257374, 0.03963277617002305, 113169000000, 
-1.8116106246248405, -0.2931154826058183, -3.5269014258187097, -1.3582784965165533, 3.2065082741444826, -1.2568467311404443, 0.9881734521261121, -1.271888784743474, -1.822131480875644, 0.07956379743119442, 113202000000, 
-1.811882424691189, -0.2942932268920485, 0.07343854243765581, -1.3575067587827123, 1.268031119478945, -0.9090464087833343, 0.7794351472477666, -1.1662887053441624, -1.8157116197592549, 0.11171895541831575, 113238000000, 
-1.8121829047988813, -0.295842803071282, 17.53809927311404, -5.830142658257608, 11.332949208056334, -4.2714242661280135, 2.1480830219554017, -1.9884819266620957, -1.8055564674225695, 0.15298673724313064, 113279000000, 
-1.8120105471404582, -0.2972994435776156, 27.89911478973262, -8.798525892026747, 21.57171603583506, -7.888218837623643, 2.671244958411668, -2.9530121574151726, -1.7857674344836554, 0.21472964825493226, 113312000000, 
-1.8107606223588104, -0.2994463677076418, -27.559016519129088, 6.292342226031251, -8.807388480447536, -0.0991599358908208, 0.13671663178144033, -0.7252953397019106, -1.7653882073958285, 0.2657350149349818, 113337000000, 
-1.8091588212191425, -0.30186434362064535, 0.749463223762312, -1.3551685359811385, -2.8979572579821786, -0.2520665515264403, 0.3730227452558443, -0.6757404333442348, -1.7614429529666806, 0.2744306668369062, 113371000000, 
-1.8075844980635203, -0.3043694746073248, 1.123302759329045, -1.2921419310281907, -0.41189527676769355, -0.37664227239401826, 0.46067756246306407, -0.8175832796810382, -1.7560215531458054, 0.28504994446814214, 113400000000, 
-1.8060330967106024, -0.30695131209533594, 1.4702280905507394, -1.332950609437412, 0.7519116247280171, -0.4996756538439749, 0.5561439501843479, -0.898464603774517, -1.74785599539884, 0.3003060210292904, 113435000000, 
-1.8045003147838792, -0.3096002701672086, 1.8005582732570524, -1.3380896045224067, 1.4001073069027146, -0.5786719474056011, 0.606944597216929, -0.9534180715324453, -1.7375899666489718, 0.3181679186880682, 113472000000, 
-1.8029823506021059, -0.31230776277528727, 2.675028749714816, -1.7836950932560105, 2.1885429681692616, -0.8247273559593926, 0.7681096768506896, -1.0737104098738086, -1.7313443696222008, 0.3282382636594246, 113490000000, 
-1.8014757888804318, -0.315066012054719, 2.4248412157319317, -1.25484300366829, 2.332775043591931, -0.7006507942450723, 0.6783750027091466, -1.032836987576142, -1.7122866594410937, 0.35768178882442153, 113540000000, 
-1.7999777304532687, -0.31786810181573505, 3.661920669020258, -1.5943961099472466, 3.1540104587858373, -0.8145739135211787, 0.7598315332027622, -1.072045417867395, -1.6963480546969827, 0.3796018929979346, 113581000000, 
-1.7984857129362621, -0.320707860736271, 2.9231995891770617, -1.1024458440486702, 3.0103434426380753, -0.6200208130158386, 0.6192776109656007, -1.0012001112862436, -1.6867259788715225, 0.39164059550377484, 113604000000, 
-1.7969978251246337, -0.3235798563228642, 3.1847668578865718, -1.0394234703764356, 3.1172422511600324, -0.5284776498546621, 0.5634649089067789, -0.9379069423861757, -1.6753800823644265, 0.40520909394604565, 113635000000, 
-1.7955126924103966, -0.32647927597308785, 3.472302076425187, -0.7674539854252445, 3.333122587375127, -0.41355794409506996, 0.48817101003803737, -0.8471579335750525, -1.6541867605846827, 0.4290078044330007, 113702000000, 
-1.7940295897551268, -0.32940183990034416, 3.6765463084046686, -0.6707861259329996, 3.5442293396965745, -0.3080848669618904, 0.3888090318852105, -0.7923809420477852, -1.6465739286281373, 0.43645814069031325, 113729000000, 
-1.7925484508453053, -0.3323436282230635, 3.617090708559182, -0.5749201412886474, 3.5888391468837884, -0.2299306267422706, 0.31014402552953996, -0.741367261064233, -1.6430770660843095, 0.4397445995243745, 113744000000, 
-1.7910698963673604, -0.33530099480488895, 3.9052243596778315, -0.43605778254526606, 3.78307870386607, -0.18162121116997998, 0.2640781437924965, -0.6877555581149937, -1.6361234487502312, 0.44617157219227, 113783000000, 
-1.7894558642611158, -0.33798829102316785, 4.048811187835853, -0.24952280847144365, 3.946323766815716, -0.13693567832982595, 0.2168229600020393, -0.6315552482474089, -1.6316390338869973, 0.4500707004211085, 113814000000, 
-1.7867944445093673, -0.3385852024494214, 4.197167314138611, -0.04623642808440957, 4.099998924338408, -0.08506584774563654, 0.14509345967442952, -0.5862831304492498, -1.6282889891077157, 0.45284730245843513, 113849000000, 
-1.7841355817438023, -0.3392270677255259, 4.347655476543127, 0.03658766152397612, 4.252272932281807, -0.04807894785326621, 0.08514784988934726, -0.5646525181287203, -1.6271213162749323, 0.4537521551981109, 113874000000, 
-1.78148167883412, -0.3399048805297214, 3.4939598835255334, 0.15112448679436838, 3.782798134265488, -0.02012086635017163, 0.036320829400096066, -0.5539759604200671, -1.6269742479721807, 0.45384349795593987, 113902000000, 
-1.7788346466339613, -0.34061092518250535, 3.7241844190885662, 0.3551051264422134, 3.744854263448057, 0.009533402038956326, -0.01731099039803541, -0.5507138424638173, -1.629154458246953, 0.45216404835590324, 113947000000, 
-1.7761959036198667, -0.34133799716669816, 3.7125497214400363, 0.5976420234816185, 3.721875198905424, 0.04713416097136187, -0.08378368608951814, -0.5625696740174654, -1.6362967408209712, 0.4469702633065116, 114007000000, 
-1.7735663915344648, -0.34207966243016785, 3.7877934502576536, 0.6469443893050509, 3.7618877439772693, 0.10103357636310191, -0.17159456771738868, -0.5887923942295266, -1.6397970569502345, 0.44456180042156, 114027000000, 
-1.770946726246958, -0.3428300217308451, 4.884805184127717, 1.0007501480859882, 4.455088737379341, 0.19924409981937707, -0.30393588477367683, -0.6555464813499808, -1.64482257596705, 0.44124419996197645, 114047000000, 
-1.7683372199270702, -0.34358386484858616, 3.8483335326999195, 0.8737387577386522, 4.07940434144178, 0.2202688245482267, -0.3070229627499338, -0.7174343657403658, -1.6540461305969894, 0.4353999557391818, 114077000000, 
-1.7657379310620887, -0.344336517341629, 3.8578633453132767, 1.0255515185372799, 3.9409719021058853, 0.2737292596598468, -0.36068828361134125, -0.7589080990354626, -1.6677090305140894, 0.4271207051977572, 114117000000, 
-1.7631486977407689, -0.3450839247393814, 5.746583050633153, 1.6254934692819374, 5.0552145170484595, 0.5189904273885618, -0.5888455987747535, -0.8813692901304797, -1.6793421066959178, 0.42048252244489503, 114142000000, 
-1.7605691623198212, -0.345822550503318, 5.810326038038449, 1.8916247744449646, 5.518523245912498, 0.7683299648925993, -0.7051147789170964, -1.0896523344363704, -1.7113090217746263, 0.40326427049245284, 114192000000, 
-1.7579987568834639, -0.3465494040427224, 4.8816973433987485, 1.6022453824272962, 5.12455607871309, 0.8137593979330258, -0.7390885165227641, -1.1010310399105785, -1.7218563930122, 0.3981867935456473, 114207000000, 
-1.7554367177370185, -0.3472619657619165, 3.3265403001638543, 1.1912664837621958, 4.013104981925704, 0.609290390855108, -0.5880341459258105, -1.036147977250252, -1.7494362800104224, 0.38553696146474914, 114247000000, 
-1.7528821013252294, -0.34795819503769165, 3.940844355588735, 1.5488017205198705, 3.9663617264325652, 0.6903522148478985, -0.6630190143890323, -1.0412253643797134, -1.7770569226234276, 0.37420681437204467, 114291000000, 
-1.7503338117065772, -0.3486364784881607, 5.842746366441545, 2.4102798678246904, 5.123268123132789, 1.1926096066353997, -0.9577062974841635, -1.2452769808116675, -1.8008669424795885, 0.3656307959936642, 114322000000, 
-1.7477906453746423, -0.34929563282074677, 4.849670614542593, 2.053525347324834, 4.953831696446763, 1.2177897492221554, -0.9301719083603965, -1.309209338915362, -1.8205137127071436, 0.3593714710167388, 114343000000, 
-1.7452513462916286, -0.3499348759598554, 4.829880882013629, 2.1912755018443604, 4.875461724505367, 1.2912551859672632, -0.9577531422188811, -1.3482129465800958, -1.8599091987692948, 0.34791568166212455, 114384000000, 
-1.7427146616770124, -0.3505538330151443, 4.772326604125157, 2.335064640550568, 4.8086138909980365, 1.3923768729109107, -0.9947891393341861, -1.399670360135647, -1.9149563544162818, 0.33498286902521013, 114438000000, 
-1.7401793870291284, -0.3511525251530633, 3.7837189994107185, 1.9155223806553692, 4.174403119641755, 1.1930051135996875, -0.9003948284188807, -1.3249799709474552, -1.959353677978903, 0.3278118322650079, 114481000000, 
-1.737644433219777, -0.35173135598204514, 5.286970949960025, 2.8863709980959626, 4.858103503089152, 1.7331306058535587, -1.16955936842301, -1.4818662931069906, -2.0024298855391764, 0.32332322831217103, 114523000000, 
-1.735108870786349, -0.3522911052577733, 5.543518988116829, 3.069964461166961, 5.280481228906523, 2.0669311301665263, -1.2694535967855425, -1.628205343937205, -2.0331346317618855, 0.3219289988325575, 114548000000, 
-1.7325719355823654, -0.3528329376065213, 3.6093658110727165, 2.0903229610926366, 4.248309408153639, 1.5119753434010321, -1.0319041161584508, -1.4652285224229744, -2.0725749919445136, 0.3216233469674133, 114579000000, 
-1.7300330439776044, -0.353358397443096, 5.347343884437718, 3.1389579040103954, 4.92561569987041, 2.046938178237192, -1.2893075009360873, -1.5876260525522696, -2.1009725046059993, 0.3227223904564645, 114604000000, 
-1.7274918772413643, -0.353869391941325, 3.5001098083410094, 2.15664984984706, 4.045274267854229, 1.538997137619891, -1.0427980291162748, -1.4758343367067186, -2.1457157628366823, 0.3262027990387276, 114639000000, 
